timestamp,applicationID,cpu_percentage,deployment,disk_bytes,event_type,index,instance_index,ip_address,job,memory_bytes,origin
1449545337745900939,"""6316a187-0935-4687-82e2-99f44a372a68""",0.00282984138795,"""cf""",35680256.0,ContainerMetric,"""1""",0.0,"""10.0.16.24""","""diego_cell-partition-f99bec444d276db0e93a""",2654208.0,"""rep"""
1449545337745940107,"""b1138b50-eff3-4aca-abfd-f96ff1acf6f1""",0.0231679072165,"""cf""",79292416.0,ContainerMetric,"""1""",3.0,"""10.0.16.24""","""diego_cell-partition-f99bec444d276db0e93a""",38936576.0,"""rep"""
1449545337745963854,"""d6e07725-28c7-4b29-8ee1-cdbff850f494""",0.05414278791,"""cf""",200724480.0,ContainerMetric,"""1""",0.0,"""10.0.16.24""","""diego_cell-partition-f99bec444d276db0e93a""",383549440.0,"""rep"""
1449545337745985948,"""0851aa07-12af-44bf-ba6d-60c91eff4e1b""",0.0194275582521,"""cf""",102297600.0,ContainerMetric,"""1""",0.0,"""10.0.16.24""","""diego_cell-partition-f99bec444d276db0e93a""",105340928.0,"""rep"""
1449545337746008262,"""24103d4e-df8d-4b44-b1e2-86a92a8aff74""",0.0217742128996,"""cf""",36556800.0,ContainerMetric,"""1""",0.0,"""10.0.16.24""","""diego_cell-partition-f99bec444d276db0e93a""",5230592.0,"""rep"""
1449545337746029811,"""247682bf-fc34-4708-8453-6636dcb85079""",0.0196116157407,"""cf""",47775744.0,ContainerMetric,"""1""",0.0,"""10.0.16.24""","""diego_cell-partition-f99bec444d276db0e93a""",5398528.0,"""rep"""
1449545340489830451,"""b1138b50-eff3-4aca-abfd-f96ff1acf6f1""",0.0244075262963,"""cf""",79292416.0,ContainerMetric,"""2""",4.0,"""10.0.16.97""","""diego_cell-partition-f99bec444d276db0e93a""",36966400.0,"""rep"""
1449545340489890265,"""b1138b50-eff3-4aca-abfd-f96ff1acf6f1""",0.0245987431335,"""cf""",79293440.0,ContainerMetric,"""2""",1.0,"""10.0.16.97""","""diego_cell-partition-f99bec444d276db0e93a""",38760448.0,"""rep"""
1449545340489908600,"""c845216a-dd9d-4451-8802-4ef303a48e0d""",0.0897947447829,"""cf""",164605952.0,ContainerMetric,"""2""",0.0,"""10.0.16.97""","""diego_cell-partition-f99bec444d276db0e93a""",22327296.0,"""rep"""
1449545345081352143,"""b1138b50-eff3-4aca-abfd-f96ff1acf6f1""",0.0247726717335,"""cf""",79293440.0,ContainerMetric,"""3""",2.0,"""10.0.16.98""","""diego_cell-partition-f99bec444d276db0e93a""",38862848.0,"""rep"""
1449545345081417420,"""b1138b50-eff3-4aca-abfd-f96ff1acf6f1""",0.0245551262299,"""cf""",79292416.0,ContainerMetric,"""3""",5.0,"""10.0.16.98""","""diego_cell-partition-f99bec444d276db0e93a""",37330944.0,"""rep"""
1449545349890782406,"""c784515d-c03b-4921-8ab9-683fcfd01d95""",0.0257101618963,"""cf""",164630528.0,ContainerMetric,"""0""",0.0,"""10.0.16.23""","""diego_cell-partition-f99bec444d276db0e93a""",25083904.0,"""rep"""
1449545349890836308,"""3a9c9c53-0491-4ccb-9dde-3b4893c53a0e""",0.0826041292605,"""cf""",328568832.0,ContainerMetric,"""0""",0.0,"""10.0.16.23""","""diego_cell-partition-f99bec444d276db0e93a""",130396160.0,"""rep"""
1449545349890859915,"""41f37085-eecc-4057-8cf9-726b1bcc25f5""",0.0125344565545,"""cf""",167546880.0,ContainerMetric,"""0""",0.0,"""10.0.16.23""","""diego_cell-partition-f99bec444d276db0e93a""",73474048.0,"""rep"""
1449545349890882043,"""b1138b50-eff3-4aca-abfd-f96ff1acf6f1""",0.0232601111521,"""cf""",82281472.0,ContainerMetric,"""0""",0.0,"""10.0.16.23""","""diego_cell-partition-f99bec444d276db0e93a""",43601920.0,"""rep"""
1449545349890904376,"""d4631e76-29dd-45a3-90e6-7f7c3303832d""",0.0293045169418,"""cf""",167567360.0,ContainerMetric,"""0""",0.0,"""10.0.16.23""","""diego_cell-partition-f99bec444d276db0e93a""",85958656.0,"""rep"""
1449545349890925499,"""39778aca-7b64-4983-be6c-f8cb01b387e9""",0.0606301088416,"""cf""",205180928.0,ContainerMetric,"""0""",0.0,"""10.0.16.23""","""diego_cell-partition-f99bec444d276db0e93a""",661499904.0,"""rep"""
1449545349890947056,"""24103d4e-df8d-4b44-b1e2-86a92a8aff74""",0.0227910806487,"""cf""",36556800.0,ContainerMetric,"""0""",1.0,"""10.0.16.23""","""diego_cell-partition-f99bec444d276db0e93a""",5308416.0,"""rep"""
1449545349890968239,"""784c0af0-9c20-4d27-90ca-9b467b009a32""",0.163706248298,"""cf""",72654848.0,ContainerMetric,"""0""",1.0,"""10.0.16.23""","""diego_cell-partition-f99bec444d276db0e93a""",11399168.0,"""rep"""
1449545349890985040,"""2e5c017e-ede6-4c06-8f86-65b814ef9ca9""",0.0213518107049,"""cf""",167546880.0,ContainerMetric,"""0""",0.0,"""10.0.16.23""","""diego_cell-partition-f99bec444d276db0e93a""",77975552.0,"""rep"""
1449545349891008772,"""6316a187-0935-4687-82e2-99f44a372a68""",0.00274731627493,"""cf""",35680256.0,ContainerMetric,"""0""",1.0,"""10.0.16.23""","""diego_cell-partition-f99bec444d276db0e93a""",4751360.0,"""rep"""
1449545349891031393,"""784c0af0-9c20-4d27-90ca-9b467b009a32""",0.228866506635,"""cf""",72654848.0,ContainerMetric,"""0""",0.0,"""10.0.16.23""","""diego_cell-partition-f99bec444d276db0e93a""",13152256.0,"""rep"""
1449545349891052877,"""1c641084-10fa-457c-8712-90e49f13c8c1""",0.0221404956491,"""cf""",54001664.0,ContainerMetric,"""0""",0.0,"""10.0.16.23""","""diego_cell-partition-f99bec444d276db0e93a""",7487488.0,"""rep"""
1449545349891074043,"""b1aca68a-19a7-4b4d-aeb1-accf3cff5dca""",0.0699574981661,"""cf""",163110912.0,ContainerMetric,"""0""",0.0,"""10.0.16.23""","""diego_cell-partition-f99bec444d276db0e93a""",306200576.0,"""rep"""
1449545349891095251,"""de712236-f466-4852-bcee-d06fb7e2a7a5""",0.0306422051635,"""cf""",71294976.0,ContainerMetric,"""0""",0.0,"""10.0.16.23""","""diego_cell-partition-f99bec444d276db0e93a""",11448320.0,"""rep"""
1449545349891118441,"""784c0af0-9c20-4d27-90ca-9b467b009a32""",0.173804806752,"""cf""",72654848.0,ContainerMetric,"""0""",2.0,"""10.0.16.23""","""diego_cell-partition-f99bec444d276db0e93a""",11284480.0,"""rep"""
1449545349891138991,"""441c17c1-539c-429a-bf6e-6307bf05a70b""",0.0607295140031,"""cf""",163110912.0,ContainerMetric,"""0""",0.0,"""10.0.16.23""","""diego_cell-partition-f99bec444d276db0e93a""",301768704.0,"""rep"""
1449545367745835639,"""b1138b50-eff3-4aca-abfd-f96ff1acf6f1""",2.08756221764,"""cf""",79883264.0,ContainerMetric,"""1""",3.0,"""10.0.16.24""","""diego_cell-partition-f99bec444d276db0e93a""",39530496.0,"""rep"""
1449545367745869867,"""d6e07725-28c7-4b29-8ee1-cdbff850f494""",0.0564967333456,"""cf""",200724480.0,ContainerMetric,"""1""",0.0,"""10.0.16.24""","""diego_cell-partition-f99bec444d276db0e93a""",383549440.0,"""rep"""
1449545367745887364,"""0851aa07-12af-44bf-ba6d-60c91eff4e1b""",0.0208980222919,"""cf""",102297600.0,ContainerMetric,"""1""",0.0,"""10.0.16.24""","""diego_cell-partition-f99bec444d276db0e93a""",105340928.0,"""rep"""
1449545367745897189,"""24103d4e-df8d-4b44-b1e2-86a92a8aff74""",0.0275328001105,"""cf""",36556800.0,ContainerMetric,"""1""",0.0,"""10.0.16.24""","""diego_cell-partition-f99bec444d276db0e93a""",5230592.0,"""rep"""
1449545367745907036,"""247682bf-fc34-4708-8453-6636dcb85079""",0.0199247735004,"""cf""",47775744.0,ContainerMetric,"""1""",0.0,"""10.0.16.24""","""diego_cell-partition-f99bec444d276db0e93a""",5398528.0,"""rep"""
1449545367745915403,"""6316a187-0935-4687-82e2-99f44a372a68""",0.00581926937149,"""cf""",35680256.0,ContainerMetric,"""1""",0.0,"""10.0.16.24""","""diego_cell-partition-f99bec444d276db0e93a""",2654208.0,"""rep"""
1449545370492383906,"""b1138b50-eff3-4aca-abfd-f96ff1acf6f1""",2.8437152314,"""cf""",80027648.0,ContainerMetric,"""2""",4.0,"""10.0.16.97""","""diego_cell-partition-f99bec444d276db0e93a""",37695488.0,"""rep"""
1449545370492421959,"""b1138b50-eff3-4aca-abfd-f96ff1acf6f1""",2.91152926118,"""cf""",80028672.0,ContainerMetric,"""2""",1.0,"""10.0.16.97""","""diego_cell-partition-f99bec444d276db0e93a""",39493632.0,"""rep"""
1449545370492444068,"""c845216a-dd9d-4451-8802-4ef303a48e0d""",1.88678005929,"""cf""",164605952.0,ContainerMetric,"""2""",0.0,"""10.0.16.97""","""diego_cell-partition-f99bec444d276db0e93a""",28286976.0,"""rep"""
1449545375081142234,"""b1138b50-eff3-4aca-abfd-f96ff1acf6f1""",3.68481127434,"""cf""",80268288.0,ContainerMetric,"""3""",2.0,"""10.0.16.98""","""diego_cell-partition-f99bec444d276db0e93a""",39841792.0,"""rep"""
1449545375081178224,"""b1138b50-eff3-4aca-abfd-f96ff1acf6f1""",3.68910698759,"""cf""",80267264.0,ContainerMetric,"""3""",5.0,"""10.0.16.98""","""diego_cell-partition-f99bec444d276db0e93a""",38293504.0,"""rep"""
1449545379891090456,"""c784515d-c03b-4921-8ab9-683fcfd01d95""",0.0207613337537,"""cf""",164630528.0,ContainerMetric,"""0""",0.0,"""10.0.16.23""","""diego_cell-partition-f99bec444d276db0e93a""",25083904.0,"""rep"""
1449545379891140798,"""41f37085-eecc-4057-8cf9-726b1bcc25f5""",0.0129558304678,"""cf""",167546880.0,ContainerMetric,"""0""",0.0,"""10.0.16.23""","""diego_cell-partition-f99bec444d276db0e93a""",73474048.0,"""rep"""
1449545379891162909,"""24103d4e-df8d-4b44-b1e2-86a92a8aff74""",0.0230202872541,"""cf""",36556800.0,ContainerMetric,"""0""",1.0,"""10.0.16.23""","""diego_cell-partition-f99bec444d276db0e93a""",5308416.0,"""rep"""
1449545379891178492,"""784c0af0-9c20-4d27-90ca-9b467b009a32""",0.198976556109,"""cf""",72654848.0,ContainerMetric,"""0""",2.0,"""10.0.16.23""","""diego_cell-partition-f99bec444d276db0e93a""",11284480.0,"""rep"""
1449545379891191813,"""784c0af0-9c20-4d27-90ca-9b467b009a32""",0.257790529623,"""cf""",72654848.0,ContainerMetric,"""0""",0.0,"""10.0.16.23""","""diego_cell-partition-f99bec444d276db0e93a""",13152256.0,"""rep"""
1449545379891205042,"""441c17c1-539c-429a-bf6e-6307bf05a70b""",0.0642584743455,"""cf""",163110912.0,ContainerMetric,"""0""",0.0,"""10.0.16.23""","""diego_cell-partition-f99bec444d276db0e93a""",301768704.0,"""rep"""
1449545379891219320,"""d4631e76-29dd-45a3-90e6-7f7c3303832d""",0.0294469213473,"""cf""",167567360.0,ContainerMetric,"""0""",0.0,"""10.0.16.23""","""diego_cell-partition-f99bec444d276db0e93a""",85958656.0,"""rep"""
1449545379891233410,"""de712236-f466-4852-bcee-d06fb7e2a7a5""",0.0356234780051,"""cf""",71294976.0,ContainerMetric,"""0""",0.0,"""10.0.16.23""","""diego_cell-partition-f99bec444d276db0e93a""",11448320.0,"""rep"""
1449545379891246561,"""b1aca68a-19a7-4b4d-aeb1-accf3cff5dca""",0.064260540991,"""cf""",163110912.0,ContainerMetric,"""0""",0.0,"""10.0.16.23""","""diego_cell-partition-f99bec444d276db0e93a""",306200576.0,"""rep"""
1449545379891262734,"""b1138b50-eff3-4aca-abfd-f96ff1acf6f1""",4.43730300427,"""cf""",83505152.0,ContainerMetric,"""0""",0.0,"""10.0.16.23""","""diego_cell-partition-f99bec444d276db0e93a""",44810240.0,"""rep"""
1449545379891278411,"""1c641084-10fa-457c-8712-90e49f13c8c1""",0.0268823443144,"""cf""",54001664.0,ContainerMetric,"""0""",0.0,"""10.0.16.23""","""diego_cell-partition-f99bec444d276db0e93a""",7487488.0,"""rep"""
1449545379891294600,"""784c0af0-9c20-4d27-90ca-9b467b009a32""",0.176709744461,"""cf""",72654848.0,ContainerMetric,"""0""",1.0,"""10.0.16.23""","""diego_cell-partition-f99bec444d276db0e93a""",11399168.0,"""rep"""
1449545379891309331,"""39778aca-7b64-4983-be6c-f8cb01b387e9""",0.0695315702685,"""cf""",205180928.0,ContainerMetric,"""0""",0.0,"""10.0.16.23""","""diego_cell-partition-f99bec444d276db0e93a""",661499904.0,"""rep"""
1449545379891325449,"""3a9c9c53-0491-4ccb-9dde-3b4893c53a0e""",0.09453191055,"""cf""",328568832.0,ContainerMetric,"""0""",0.0,"""10.0.16.23""","""diego_cell-partition-f99bec444d276db0e93a""",130396160.0,"""rep"""
1449545379891342567,"""2e5c017e-ede6-4c06-8f86-65b814ef9ca9""",0.0208331930167,"""cf""",167546880.0,ContainerMetric,"""0""",0.0,"""10.0.16.23""","""diego_cell-partition-f99bec444d276db0e93a""",77975552.0,"""rep"""
1449545379891357986,"""6316a187-0935-4687-82e2-99f44a372a68""",0.00587843638173,"""cf""",35680256.0,ContainerMetric,"""0""",1.0,"""10.0.16.23""","""diego_cell-partition-f99bec444d276db0e93a""",4751360.0,"""rep"""
1449545397745905116,"""6316a187-0935-4687-82e2-99f44a372a68""",0.0034058221724,"""cf""",35680256.0,ContainerMetric,"""1""",0.0,"""10.0.16.24""","""diego_cell-partition-f99bec444d276db0e93a""",2654208.0,"""rep"""
1449545397745948563,"""b1138b50-eff3-4aca-abfd-f96ff1acf6f1""",5.71356744851,"""cf""",81446912.0,ContainerMetric,"""1""",3.0,"""10.0.16.24""","""diego_cell-partition-f99bec444d276db0e93a""",41091072.0,"""rep"""
1449545397745973147,"""d6e07725-28c7-4b29-8ee1-cdbff850f494""",0.0646987179696,"""cf""",200724480.0,ContainerMetric,"""1""",0.0,"""10.0.16.24""","""diego_cell-partition-f99bec444d276db0e93a""",383549440.0,"""rep"""
1449545397745996320,"""0851aa07-12af-44bf-ba6d-60c91eff4e1b""",0.0203995997823,"""cf""",102297600.0,ContainerMetric,"""1""",0.0,"""10.0.16.24""","""diego_cell-partition-f99bec444d276db0e93a""",105340928.0,"""rep"""
1449545397746018828,"""24103d4e-df8d-4b44-b1e2-86a92a8aff74""",0.0217677799711,"""cf""",36556800.0,ContainerMetric,"""1""",0.0,"""10.0.16.24""","""diego_cell-partition-f99bec444d276db0e93a""",5230592.0,"""rep"""
1449545397746049155,"""247682bf-fc34-4708-8453-6636dcb85079""",0.0195959449626,"""cf""",47775744.0,ContainerMetric,"""1""",0.0,"""10.0.16.24""","""diego_cell-partition-f99bec444d276db0e93a""",5398528.0,"""rep"""
1449545400490996477,"""b1138b50-eff3-4aca-abfd-f96ff1acf6f1""",6.23325931434,"""cf""",81588224.0,ContainerMetric,"""2""",4.0,"""10.0.16.97""","""diego_cell-partition-f99bec444d276db0e93a""",39235584.0,"""rep"""
1449545400491030299,"""b1138b50-eff3-4aca-abfd-f96ff1acf6f1""",6.28254335568,"""cf""",81588224.0,ContainerMetric,"""2""",1.0,"""10.0.16.97""","""diego_cell-partition-f99bec444d276db0e93a""",41041920.0,"""rep"""
1449545400491057154,"""c845216a-dd9d-4451-8802-4ef303a48e0d""",13.2394436216,"""cf""",164605952.0,ContainerMetric,"""2""",0.0,"""10.0.16.97""","""diego_cell-partition-f99bec444d276db0e93a""",49586176.0,"""rep"""
1449545405080936998,"""b1138b50-eff3-4aca-abfd-f96ff1acf6f1""",5.87733542872,"""cf""",81824768.0,ContainerMetric,"""3""",2.0,"""10.0.16.98""","""diego_cell-partition-f99bec444d276db0e93a""",41373696.0,"""rep"""
1449545405080982444,"""b1138b50-eff3-4aca-abfd-f96ff1acf6f1""",5.7940844412,"""cf""",81824768.0,ContainerMetric,"""3""",5.0,"""10.0.16.98""","""diego_cell-partition-f99bec444d276db0e93a""",39845888.0,"""rep"""
1449545409889138634,"""784c0af0-9c20-4d27-90ca-9b467b009a32""",0.186318083735,"""cf""",72654848.0,ContainerMetric,"""0""",1.0,"""10.0.16.23""","""diego_cell-partition-f99bec444d276db0e93a""",11399168.0,"""rep"""
1449545409889184166,"""6316a187-0935-4687-82e2-99f44a372a68""",0.00387439870483,"""cf""",35680256.0,ContainerMetric,"""0""",1.0,"""10.0.16.23""","""diego_cell-partition-f99bec444d276db0e93a""",4751360.0,"""rep"""
1449545409889196852,"""d4631e76-29dd-45a3-90e6-7f7c3303832d""",0.039175108427,"""cf""",167567360.0,ContainerMetric,"""0""",0.0,"""10.0.16.23""","""diego_cell-partition-f99bec444d276db0e93a""",85958656.0,"""rep"""
1449545409889205425,"""de712236-f466-4852-bcee-d06fb7e2a7a5""",0.0444248599349,"""cf""",71294976.0,ContainerMetric,"""0""",0.0,"""10.0.16.23""","""diego_cell-partition-f99bec444d276db0e93a""",11448320.0,"""rep"""
1449545409889213323,"""b1138b50-eff3-4aca-abfd-f96ff1acf6f1""",5.79893649358,"""cf""",85066752.0,ContainerMetric,"""0""",0.0,"""10.0.16.23""","""diego_cell-partition-f99bec444d276db0e93a""",46366720.0,"""rep"""
1449545409889221036,"""b1aca68a-19a7-4b4d-aeb1-accf3cff5dca""",0.0667325377651,"""cf""",163110912.0,ContainerMetric,"""0""",0.0,"""10.0.16.23""","""diego_cell-partition-f99bec444d276db0e93a""",306200576.0,"""rep"""
1449545409889229221,"""c784515d-c03b-4921-8ab9-683fcfd01d95""",0.0235826441029,"""cf""",164630528.0,ContainerMetric,"""0""",0.0,"""10.0.16.23""","""diego_cell-partition-f99bec444d276db0e93a""",25083904.0,"""rep"""
1449545409889237356,"""2e5c017e-ede6-4c06-8f86-65b814ef9ca9""",0.024049957836,"""cf""",167546880.0,ContainerMetric,"""0""",0.0,"""10.0.16.23""","""diego_cell-partition-f99bec444d276db0e93a""",77975552.0,"""rep"""
1449545409889244990,"""1c641084-10fa-457c-8712-90e49f13c8c1""",0.0272590599285,"""cf""",54001664.0,ContainerMetric,"""0""",0.0,"""10.0.16.23""","""diego_cell-partition-f99bec444d276db0e93a""",7487488.0,"""rep"""
1449545409889254360,"""441c17c1-539c-429a-bf6e-6307bf05a70b""",0.0697666984772,"""cf""",163110912.0,ContainerMetric,"""0""",0.0,"""10.0.16.23""","""diego_cell-partition-f99bec444d276db0e93a""",301768704.0,"""rep"""
1449545409889262245,"""24103d4e-df8d-4b44-b1e2-86a92a8aff74""",0.0326650415995,"""cf""",36556800.0,ContainerMetric,"""0""",1.0,"""10.0.16.23""","""diego_cell-partition-f99bec444d276db0e93a""",5320704.0,"""rep"""
1449545409889270434,"""784c0af0-9c20-4d27-90ca-9b467b009a32""",0.184448975478,"""cf""",72654848.0,ContainerMetric,"""0""",2.0,"""10.0.16.23""","""diego_cell-partition-f99bec444d276db0e93a""",11284480.0,"""rep"""
1449545409889277864,"""39778aca-7b64-4983-be6c-f8cb01b387e9""",0.0656270891865,"""cf""",205180928.0,ContainerMetric,"""0""",0.0,"""10.0.16.23""","""diego_cell-partition-f99bec444d276db0e93a""",661499904.0,"""rep"""
1449545409889285761,"""784c0af0-9c20-4d27-90ca-9b467b009a32""",0.240751281401,"""cf""",72654848.0,ContainerMetric,"""0""",0.0,"""10.0.16.23""","""diego_cell-partition-f99bec444d276db0e93a""",13152256.0,"""rep"""
1449545409889295380,"""41f37085-eecc-4057-8cf9-726b1bcc25f5""",0.0172722936007,"""cf""",167546880.0,ContainerMetric,"""0""",0.0,"""10.0.16.23""","""diego_cell-partition-f99bec444d276db0e93a""",73474048.0,"""rep"""
1449545409889303666,"""3a9c9c53-0491-4ccb-9dde-3b4893c53a0e""",0.083352492263,"""cf""",328568832.0,ContainerMetric,"""0""",0.0,"""10.0.16.23""","""diego_cell-partition-f99bec444d276db0e93a""",130396160.0,"""rep"""
1449545427745968617,"""b1138b50-eff3-4aca-abfd-f96ff1acf6f1""",5.82129789529,"""cf""",83007488.0,ContainerMetric,"""1""",3.0,"""10.0.16.24""","""diego_cell-partition-f99bec444d276db0e93a""",42647552.0,"""rep"""
1449545427746013679,"""d6e07725-28c7-4b29-8ee1-cdbff850f494""",0.0598055899107,"""cf""",200724480.0,ContainerMetric,"""1""",0.0,"""10.0.16.24""","""diego_cell-partition-f99bec444d276db0e93a""",383549440.0,"""rep"""
1449545427746042770,"""0851aa07-12af-44bf-ba6d-60c91eff4e1b""",0.0236422132245,"""cf""",102297600.0,ContainerMetric,"""1""",0.0,"""10.0.16.24""","""diego_cell-partition-f99bec444d276db0e93a""",105340928.0,"""rep"""
1449545427746068324,"""24103d4e-df8d-4b44-b1e2-86a92a8aff74""",0.0218458536984,"""cf""",36556800.0,ContainerMetric,"""1""",0.0,"""10.0.16.24""","""diego_cell-partition-f99bec444d276db0e93a""",5230592.0,"""rep"""
1449545427746092691,"""247682bf-fc34-4708-8453-6636dcb85079""",0.0237589296437,"""cf""",47775744.0,ContainerMetric,"""1""",0.0,"""10.0.16.24""","""diego_cell-partition-f99bec444d276db0e93a""",5398528.0,"""rep"""
1449545427746117140,"""6316a187-0935-4687-82e2-99f44a372a68""",0.00277032746172,"""cf""",35680256.0,ContainerMetric,"""1""",0.0,"""10.0.16.24""","""diego_cell-partition-f99bec444d276db0e93a""",2654208.0,"""rep"""
1449545430490707463,"""c845216a-dd9d-4451-8802-4ef303a48e0d""",11.9781629991,"""cf""",164605952.0,ContainerMetric,"""2""",0.0,"""10.0.16.97""","""diego_cell-partition-f99bec444d276db0e93a""",58712064.0,"""rep"""
1449545430490745412,"""b1138b50-eff3-4aca-abfd-f96ff1acf6f1""",6.339202695,"""cf""",83152896.0,ContainerMetric,"""2""",4.0,"""10.0.16.97""","""diego_cell-partition-f99bec444d276db0e93a""",40775680.0,"""rep"""
1449545430490766121,"""b1138b50-eff3-4aca-abfd-f96ff1acf6f1""",6.40237929467,"""cf""",83153920.0,ContainerMetric,"""2""",1.0,"""10.0.16.97""","""diego_cell-partition-f99bec444d276db0e93a""",42590208.0,"""rep"""
1449545435081902626,"""b1138b50-eff3-4aca-abfd-f96ff1acf6f1""",5.85113410642,"""cf""",83391488.0,ContainerMetric,"""3""",2.0,"""10.0.16.98""","""diego_cell-partition-f99bec444d276db0e93a""",42921984.0,"""rep"""
1449545435081948001,"""b1138b50-eff3-4aca-abfd-f96ff1acf6f1""",5.82047532318,"""cf""",83391488.0,ContainerMetric,"""3""",5.0,"""10.0.16.98""","""diego_cell-partition-f99bec444d276db0e93a""",41394176.0,"""rep"""
1449545439891239115,"""2e5c017e-ede6-4c06-8f86-65b814ef9ca9""",0.0212101415227,"""cf""",167546880.0,ContainerMetric,"""0""",0.0,"""10.0.16.23""","""diego_cell-partition-f99bec444d276db0e93a""",77975552.0,"""rep"""
1449545439891282542,"""6316a187-0935-4687-82e2-99f44a372a68""",0.00297623826907,"""cf""",35680256.0,ContainerMetric,"""0""",1.0,"""10.0.16.23""","""diego_cell-partition-f99bec444d276db0e93a""",4751360.0,"""rep"""
1449545439891303940,"""784c0af0-9c20-4d27-90ca-9b467b009a32""",0.181358184549,"""cf""",72654848.0,ContainerMetric,"""0""",2.0,"""10.0.16.23""","""diego_cell-partition-f99bec444d276db0e93a""",11284480.0,"""rep"""
1449545439891321634,"""b1aca68a-19a7-4b4d-aeb1-accf3cff5dca""",0.0636031064808,"""cf""",163110912.0,ContainerMetric,"""0""",0.0,"""10.0.16.23""","""diego_cell-partition-f99bec444d276db0e93a""",306200576.0,"""rep"""
1449545439891338758,"""41f37085-eecc-4057-8cf9-726b1bcc25f5""",0.0128298449816,"""cf""",167546880.0,ContainerMetric,"""0""",0.0,"""10.0.16.23""","""diego_cell-partition-f99bec444d276db0e93a""",73474048.0,"""rep"""
1449545439891362091,"""b1138b50-eff3-4aca-abfd-f96ff1acf6f1""",5.89380630293,"""cf""",86629376.0,ContainerMetric,"""0""",0.0,"""10.0.16.23""","""diego_cell-partition-f99bec444d276db0e93a""",47923200.0,"""rep"""
1449545439891384261,"""784c0af0-9c20-4d27-90ca-9b467b009a32""",0.23834945066,"""cf""",72654848.0,ContainerMetric,"""0""",0.0,"""10.0.16.23""","""diego_cell-partition-f99bec444d276db0e93a""",13152256.0,"""rep"""
1449545439891405922,"""441c17c1-539c-429a-bf6e-6307bf05a70b""",0.0659438359152,"""cf""",163110912.0,ContainerMetric,"""0""",0.0,"""10.0.16.23""","""diego_cell-partition-f99bec444d276db0e93a""",301768704.0,"""rep"""
1449545439891428019,"""c784515d-c03b-4921-8ab9-683fcfd01d95""",0.0205077173734,"""cf""",164630528.0,ContainerMetric,"""0""",0.0,"""10.0.16.23""","""diego_cell-partition-f99bec444d276db0e93a""",25083904.0,"""rep"""
1449545439891452343,"""d4631e76-29dd-45a3-90e6-7f7c3303832d""",0.031012251841,"""cf""",167567360.0,ContainerMetric,"""0""",0.0,"""10.0.16.23""","""diego_cell-partition-f99bec444d276db0e93a""",85958656.0,"""rep"""
1449545439891474024,"""de712236-f466-4852-bcee-d06fb7e2a7a5""",0.0286124865403,"""cf""",71294976.0,ContainerMetric,"""0""",0.0,"""10.0.16.23""","""diego_cell-partition-f99bec444d276db0e93a""",11448320.0,"""rep"""
1449545439891495334,"""39778aca-7b64-4983-be6c-f8cb01b387e9""",0.0629007223287,"""cf""",205180928.0,ContainerMetric,"""0""",0.0,"""10.0.16.23""","""diego_cell-partition-f99bec444d276db0e93a""",661499904.0,"""rep"""
1449545439891516113,"""3a9c9c53-0491-4ccb-9dde-3b4893c53a0e""",0.0960342923007,"""cf""",328568832.0,ContainerMetric,"""0""",0.0,"""10.0.16.23""","""diego_cell-partition-f99bec444d276db0e93a""",130396160.0,"""rep"""
1449545439891537295,"""24103d4e-df8d-4b44-b1e2-86a92a8aff74""",0.025379956217,"""cf""",36556800.0,ContainerMetric,"""0""",1.0,"""10.0.16.23""","""diego_cell-partition-f99bec444d276db0e93a""",5320704.0,"""rep"""
1449545439891561287,"""784c0af0-9c20-4d27-90ca-9b467b009a32""",0.196940206821,"""cf""",72654848.0,ContainerMetric,"""0""",1.0,"""10.0.16.23""","""diego_cell-partition-f99bec444d276db0e93a""",11399168.0,"""rep"""
1449545439891582099,"""1c641084-10fa-457c-8712-90e49f13c8c1""",0.0215715895472,"""cf""",54001664.0,ContainerMetric,"""0""",0.0,"""10.0.16.23""","""diego_cell-partition-f99bec444d276db0e93a""",7487488.0,"""rep"""
1449545457745507597,"""24103d4e-df8d-4b44-b1e2-86a92a8aff74""",0.0216073889941,"""cf""",36556800.0,ContainerMetric,"""1""",0.0,"""10.0.16.24""","""diego_cell-partition-f99bec444d276db0e93a""",5230592.0,"""rep"""
1449545457745552575,"""247682bf-fc34-4708-8453-6636dcb85079""",0.0213095977473,"""cf""",47775744.0,ContainerMetric,"""1""",0.0,"""10.0.16.24""","""diego_cell-partition-f99bec444d276db0e93a""",5398528.0,"""rep"""
1449545457745574417,"""6316a187-0935-4687-82e2-99f44a372a68""",0.00256513278576,"""cf""",35680256.0,ContainerMetric,"""1""",0.0,"""10.0.16.24""","""diego_cell-partition-f99bec444d276db0e93a""",2654208.0,"""rep"""
1449545457745592455,"""b1138b50-eff3-4aca-abfd-f96ff1acf6f1""",5.79089791889,"""cf""",84569088.0,ContainerMetric,"""1""",3.0,"""10.0.16.24""","""diego_cell-partition-f99bec444d276db0e93a""",44208128.0,"""rep"""
1449545457745607024,"""d6e07725-28c7-4b29-8ee1-cdbff850f494""",0.0572312502319,"""cf""",200724480.0,ContainerMetric,"""1""",0.0,"""10.0.16.24""","""diego_cell-partition-f99bec444d276db0e93a""",383549440.0,"""rep"""
1449545457745621386,"""0851aa07-12af-44bf-ba6d-60c91eff4e1b""",0.0194912597808,"""cf""",102297600.0,ContainerMetric,"""1""",0.0,"""10.0.16.24""","""diego_cell-partition-f99bec444d276db0e93a""",105340928.0,"""rep"""
1449545460490225646,"""c845216a-dd9d-4451-8802-4ef303a48e0d""",13.3295223524,"""cf""",164605952.0,ContainerMetric,"""2""",0.0,"""10.0.16.97""","""diego_cell-partition-f99bec444d276db0e93a""",63709184.0,"""rep"""
1449545460490257675,"""b1138b50-eff3-4aca-abfd-f96ff1acf6f1""",6.31072322097,"""cf""",84712448.0,ContainerMetric,"""2""",4.0,"""10.0.16.97""","""diego_cell-partition-f99bec444d276db0e93a""",42319872.0,"""rep"""
1449545460490278104,"""b1138b50-eff3-4aca-abfd-f96ff1acf6f1""",6.33445311814,"""cf""",84713472.0,ContainerMetric,"""2""",1.0,"""10.0.16.97""","""diego_cell-partition-f99bec444d276db0e93a""",44130304.0,"""rep"""
1449545465081810143,"""b1138b50-eff3-4aca-abfd-f96ff1acf6f1""",5.86531125681,"""cf""",84951040.0,ContainerMetric,"""3""",2.0,"""10.0.16.98""","""diego_cell-partition-f99bec444d276db0e93a""",44462080.0,"""rep"""
1449545465081846265,"""b1138b50-eff3-4aca-abfd-f96ff1acf6f1""",5.92342564618,"""cf""",84951040.0,ContainerMetric,"""3""",5.0,"""10.0.16.98""","""diego_cell-partition-f99bec444d276db0e93a""",42946560.0,"""rep"""
1449545469890862546,"""de712236-f466-4852-bcee-d06fb7e2a7a5""",0.0330869687568,"""cf""",71294976.0,ContainerMetric,"""0""",0.0,"""10.0.16.23""","""diego_cell-partition-f99bec444d276db0e93a""",11448320.0,"""rep"""
1449545469890916269,"""3a9c9c53-0491-4ccb-9dde-3b4893c53a0e""",0.0911037071859,"""cf""",328568832.0,ContainerMetric,"""0""",0.0,"""10.0.16.23""","""diego_cell-partition-f99bec444d276db0e93a""",130416640.0,"""rep"""
1449545469890939942,"""784c0af0-9c20-4d27-90ca-9b467b009a32""",0.167285417019,"""cf""",72654848.0,ContainerMetric,"""0""",1.0,"""10.0.16.23""","""diego_cell-partition-f99bec444d276db0e93a""",11399168.0,"""rep"""
1449545469890962592,"""b1138b50-eff3-4aca-abfd-f96ff1acf6f1""",5.69834295221,"""cf""",88189952.0,ContainerMetric,"""0""",0.0,"""10.0.16.23""","""diego_cell-partition-f99bec444d276db0e93a""",49475584.0,"""rep"""
1449545469890985766,"""1c641084-10fa-457c-8712-90e49f13c8c1""",0.0217560131576,"""cf""",54001664.0,ContainerMetric,"""0""",0.0,"""10.0.16.23""","""diego_cell-partition-f99bec444d276db0e93a""",7487488.0,"""rep"""
1449545469891007389,"""441c17c1-539c-429a-bf6e-6307bf05a70b""",0.0642391465546,"""cf""",163110912.0,ContainerMetric,"""0""",0.0,"""10.0.16.23""","""diego_cell-partition-f99bec444d276db0e93a""",301768704.0,"""rep"""
1449545469891028798,"""2e5c017e-ede6-4c06-8f86-65b814ef9ca9""",0.0230971166625,"""cf""",167546880.0,ContainerMetric,"""0""",0.0,"""10.0.16.23""","""diego_cell-partition-f99bec444d276db0e93a""",77975552.0,"""rep"""
1449545469891050501,"""b1aca68a-19a7-4b4d-aeb1-accf3cff5dca""",0.0728826617449,"""cf""",163110912.0,ContainerMetric,"""0""",0.0,"""10.0.16.23""","""diego_cell-partition-f99bec444d276db0e93a""",306200576.0,"""rep"""
1449545469891072297,"""c784515d-c03b-4921-8ab9-683fcfd01d95""",0.0254636830426,"""cf""",164630528.0,ContainerMetric,"""0""",0.0,"""10.0.16.23""","""diego_cell-partition-f99bec444d276db0e93a""",25083904.0,"""rep"""
1449545469891096991,"""41f37085-eecc-4057-8cf9-726b1bcc25f5""",0.0128506346795,"""cf""",167546880.0,ContainerMetric,"""0""",0.0,"""10.0.16.23""","""diego_cell-partition-f99bec444d276db0e93a""",73474048.0,"""rep"""
1449545469891116998,"""6316a187-0935-4687-82e2-99f44a372a68""",0.0028131653207,"""cf""",35680256.0,ContainerMetric,"""0""",1.0,"""10.0.16.23""","""diego_cell-partition-f99bec444d276db0e93a""",4751360.0,"""rep"""
1449545469891138716,"""784c0af0-9c20-4d27-90ca-9b467b009a32""",0.251696310173,"""cf""",72654848.0,ContainerMetric,"""0""",0.0,"""10.0.16.23""","""diego_cell-partition-f99bec444d276db0e93a""",13152256.0,"""rep"""
1449545469891161228,"""39778aca-7b64-4983-be6c-f8cb01b387e9""",0.0635496578977,"""cf""",205180928.0,ContainerMetric,"""0""",0.0,"""10.0.16.23""","""diego_cell-partition-f99bec444d276db0e93a""",661499904.0,"""rep"""
1449545469891182911,"""24103d4e-df8d-4b44-b1e2-86a92a8aff74""",0.0226727780014,"""cf""",36556800.0,ContainerMetric,"""0""",1.0,"""10.0.16.23""","""diego_cell-partition-f99bec444d276db0e93a""",5320704.0,"""rep"""
1449545469891207171,"""d4631e76-29dd-45a3-90e6-7f7c3303832d""",0.030878737698,"""cf""",167567360.0,ContainerMetric,"""0""",0.0,"""10.0.16.23""","""diego_cell-partition-f99bec444d276db0e93a""",85958656.0,"""rep"""
1449545469891228845,"""784c0af0-9c20-4d27-90ca-9b467b009a32""",0.185322040144,"""cf""",72654848.0,ContainerMetric,"""0""",2.0,"""10.0.16.23""","""diego_cell-partition-f99bec444d276db0e93a""",11284480.0,"""rep"""
1449545487746013707,"""6316a187-0935-4687-82e2-99f44a372a68""",0.00559622899584,"""cf""",35680256.0,ContainerMetric,"""1""",0.0,"""10.0.16.24""","""diego_cell-partition-f99bec444d276db0e93a""",2654208.0,"""rep"""
1449545487746054694,"""b1138b50-eff3-4aca-abfd-f96ff1acf6f1""",5.64206385318,"""cf""",86130688.0,ContainerMetric,"""1""",3.0,"""10.0.16.24""","""diego_cell-partition-f99bec444d276db0e93a""",45760512.0,"""rep"""
1449545487746079541,"""d6e07725-28c7-4b29-8ee1-cdbff850f494""",0.0565701930441,"""cf""",200724480.0,ContainerMetric,"""1""",0.0,"""10.0.16.24""","""diego_cell-partition-f99bec444d276db0e93a""",383549440.0,"""rep"""
1449545487746103623,"""0851aa07-12af-44bf-ba6d-60c91eff4e1b""",0.0222226553853,"""cf""",102297600.0,ContainerMetric,"""1""",0.0,"""10.0.16.24""","""diego_cell-partition-f99bec444d276db0e93a""",105340928.0,"""rep"""
1449545487746127112,"""24103d4e-df8d-4b44-b1e2-86a92a8aff74""",0.0249456261499,"""cf""",36556800.0,ContainerMetric,"""1""",0.0,"""10.0.16.24""","""diego_cell-partition-f99bec444d276db0e93a""",5230592.0,"""rep"""
1449545487746151208,"""247682bf-fc34-4708-8453-6636dcb85079""",0.0196684984416,"""cf""",47775744.0,ContainerMetric,"""1""",0.0,"""10.0.16.24""","""diego_cell-partition-f99bec444d276db0e93a""",5398528.0,"""rep"""
1449545490489764589,"""b1138b50-eff3-4aca-abfd-f96ff1acf6f1""",6.29762868793,"""cf""",86275072.0,ContainerMetric,"""2""",4.0,"""10.0.16.97""","""diego_cell-partition-f99bec444d276db0e93a""",43855872.0,"""rep"""
1449545490489803505,"""b1138b50-eff3-4aca-abfd-f96ff1acf6f1""",6.2986692673,"""cf""",86276096.0,ContainerMetric,"""2""",1.0,"""10.0.16.97""","""diego_cell-partition-f99bec444d276db0e93a""",45674496.0,"""rep"""
1449545490489832025,"""c845216a-dd9d-4451-8802-4ef303a48e0d""",12.2092112618,"""cf""",164605952.0,ContainerMetric,"""2""",0.0,"""10.0.16.97""","""diego_cell-partition-f99bec444d276db0e93a""",70610944.0,"""rep"""
1449545495081065152,"""b1138b50-eff3-4aca-abfd-f96ff1acf6f1""",5.72190288757,"""cf""",86513664.0,ContainerMetric,"""3""",2.0,"""10.0.16.98""","""diego_cell-partition-f99bec444d276db0e93a""",46002176.0,"""rep"""
1449545495081101548,"""b1138b50-eff3-4aca-abfd-f96ff1acf6f1""",5.72938611,"""cf""",86513664.0,ContainerMetric,"""3""",5.0,"""10.0.16.98""","""diego_cell-partition-f99bec444d276db0e93a""",44486656.0,"""rep"""
1449545499893874155,"""441c17c1-539c-429a-bf6e-6307bf05a70b""",0.0650471571246,"""cf""",163110912.0,ContainerMetric,"""0""",0.0,"""10.0.16.23""","""diego_cell-partition-f99bec444d276db0e93a""",301768704.0,"""rep"""
1449545499893925188,"""1c641084-10fa-457c-8712-90e49f13c8c1""",0.028690030047,"""cf""",54001664.0,ContainerMetric,"""0""",0.0,"""10.0.16.23""","""diego_cell-partition-f99bec444d276db0e93a""",7487488.0,"""rep"""
1449545499893947849,"""784c0af0-9c20-4d27-90ca-9b467b009a32""",0.251900470478,"""cf""",72654848.0,ContainerMetric,"""0""",0.0,"""10.0.16.23""","""diego_cell-partition-f99bec444d276db0e93a""",13152256.0,"""rep"""
1449545499893970854,"""41f37085-eecc-4057-8cf9-726b1bcc25f5""",0.0125432908836,"""cf""",167546880.0,ContainerMetric,"""0""",0.0,"""10.0.16.23""","""diego_cell-partition-f99bec444d276db0e93a""",73474048.0,"""rep"""
1449545499893992548,"""3a9c9c53-0491-4ccb-9dde-3b4893c53a0e""",0.0918562159866,"""cf""",328568832.0,ContainerMetric,"""0""",0.0,"""10.0.16.23""","""diego_cell-partition-f99bec444d276db0e93a""",130416640.0,"""rep"""
1449545499894013643,"""39778aca-7b64-4983-be6c-f8cb01b387e9""",0.0717069086077,"""cf""",205180928.0,ContainerMetric,"""0""",0.0,"""10.0.16.23""","""diego_cell-partition-f99bec444d276db0e93a""",661499904.0,"""rep"""
1449545499894034816,"""b1138b50-eff3-4aca-abfd-f96ff1acf6f1""",5.80180917473,"""cf""",89752576.0,ContainerMetric,"""0""",0.0,"""10.0.16.23""","""diego_cell-partition-f99bec444d276db0e93a""",51023872.0,"""rep"""
1449545499894055606,"""b1aca68a-19a7-4b4d-aeb1-accf3cff5dca""",0.0640024386619,"""cf""",163110912.0,ContainerMetric,"""0""",0.0,"""10.0.16.23""","""diego_cell-partition-f99bec444d276db0e93a""",306200576.0,"""rep"""
1449545499894076387,"""de712236-f466-4852-bcee-d06fb7e2a7a5""",0.0310688379249,"""cf""",71294976.0,ContainerMetric,"""0""",0.0,"""10.0.16.23""","""diego_cell-partition-f99bec444d276db0e93a""",11448320.0,"""rep"""
1449545499894098812,"""2e5c017e-ede6-4c06-8f86-65b814ef9ca9""",0.0216374646619,"""cf""",167546880.0,ContainerMetric,"""0""",0.0,"""10.0.16.23""","""diego_cell-partition-f99bec444d276db0e93a""",77975552.0,"""rep"""
1449545499894120799,"""24103d4e-df8d-4b44-b1e2-86a92a8aff74""",0.0252729797228,"""cf""",36556800.0,ContainerMetric,"""0""",1.0,"""10.0.16.23""","""diego_cell-partition-f99bec444d276db0e93a""",5320704.0,"""rep"""
1449545499894138845,"""6316a187-0935-4687-82e2-99f44a372a68""",0.00574616985656,"""cf""",35680256.0,ContainerMetric,"""0""",1.0,"""10.0.16.23""","""diego_cell-partition-f99bec444d276db0e93a""",4751360.0,"""rep"""
1449545499894159464,"""784c0af0-9c20-4d27-90ca-9b467b009a32""",0.186260876156,"""cf""",72654848.0,ContainerMetric,"""0""",2.0,"""10.0.16.23""","""diego_cell-partition-f99bec444d276db0e93a""",11284480.0,"""rep"""
1449545499894180807,"""784c0af0-9c20-4d27-90ca-9b467b009a32""",0.170690449142,"""cf""",72654848.0,ContainerMetric,"""0""",1.0,"""10.0.16.23""","""diego_cell-partition-f99bec444d276db0e93a""",11399168.0,"""rep"""
1449545499894204459,"""d4631e76-29dd-45a3-90e6-7f7c3303832d""",0.0291955259711,"""cf""",167567360.0,ContainerMetric,"""0""",0.0,"""10.0.16.23""","""diego_cell-partition-f99bec444d276db0e93a""",85958656.0,"""rep"""
1449545499894224603,"""c784515d-c03b-4921-8ab9-683fcfd01d95""",0.0217837533105,"""cf""",164630528.0,ContainerMetric,"""0""",0.0,"""10.0.16.23""","""diego_cell-partition-f99bec444d276db0e93a""",25083904.0,"""rep"""
1449545517746514903,"""24103d4e-df8d-4b44-b1e2-86a92a8aff74""",0.0217385191813,"""cf""",36556800.0,ContainerMetric,"""1""",0.0,"""10.0.16.24""","""diego_cell-partition-f99bec444d276db0e93a""",5230592.0,"""rep"""
1449545517746554079,"""247682bf-fc34-4708-8453-6636dcb85079""",0.0204786136199,"""cf""",47775744.0,ContainerMetric,"""1""",0.0,"""10.0.16.24""","""diego_cell-partition-f99bec444d276db0e93a""",5398528.0,"""rep"""
1449545517746579069,"""6316a187-0935-4687-82e2-99f44a372a68""",0.00340129635663,"""cf""",35680256.0,ContainerMetric,"""1""",0.0,"""10.0.16.24""","""diego_cell-partition-f99bec444d276db0e93a""",2654208.0,"""rep"""
1449545517746595998,"""b1138b50-eff3-4aca-abfd-f96ff1acf6f1""",5.46161985986,"""cf""",87692288.0,ContainerMetric,"""1""",3.0,"""10.0.16.24""","""diego_cell-partition-f99bec444d276db0e93a""",47308800.0,"""rep"""
1449545517746610541,"""d6e07725-28c7-4b29-8ee1-cdbff850f494""",0.0608842667659,"""cf""",200724480.0,ContainerMetric,"""1""",0.0,"""10.0.16.24""","""diego_cell-partition-f99bec444d276db0e93a""",383549440.0,"""rep"""
1449545517746634350,"""0851aa07-12af-44bf-ba6d-60c91eff4e1b""",0.0189861052882,"""cf""",102297600.0,ContainerMetric,"""1""",0.0,"""10.0.16.24""","""diego_cell-partition-f99bec444d276db0e93a""",105340928.0,"""rep"""
1449545520490732438,"""b1138b50-eff3-4aca-abfd-f96ff1acf6f1""",6.26134252397,"""cf""",87836672.0,ContainerMetric,"""2""",4.0,"""10.0.16.97""","""diego_cell-partition-f99bec444d276db0e93a""",45408256.0,"""rep"""
1449545520490764844,"""b1138b50-eff3-4aca-abfd-f96ff1acf6f1""",6.25519071272,"""cf""",87837696.0,ContainerMetric,"""2""",1.0,"""10.0.16.97""","""diego_cell-partition-f99bec444d276db0e93a""",47218688.0,"""rep"""
1449545520490785874,"""c845216a-dd9d-4451-8802-4ef303a48e0d""",13.1691003371,"""cf""",164605952.0,ContainerMetric,"""2""",0.0,"""10.0.16.97""","""diego_cell-partition-f99bec444d276db0e93a""",73392128.0,"""rep"""
1449545525080882739,"""b1138b50-eff3-4aca-abfd-f96ff1acf6f1""",5.92791720879,"""cf""",88075264.0,ContainerMetric,"""3""",5.0,"""10.0.16.98""","""diego_cell-partition-f99bec444d276db0e93a""",46039040.0,"""rep"""
1449545525080923499,"""b1138b50-eff3-4aca-abfd-f96ff1acf6f1""",5.85418418653,"""cf""",88074240.0,ContainerMetric,"""3""",2.0,"""10.0.16.98""","""diego_cell-partition-f99bec444d276db0e93a""",47554560.0,"""rep"""
1449545529896956063,"""b1aca68a-19a7-4b4d-aeb1-accf3cff5dca""",0.0710627832692,"""cf""",163110912.0,ContainerMetric,"""0""",0.0,"""10.0.16.23""","""diego_cell-partition-f99bec444d276db0e93a""",306200576.0,"""rep"""
1449545529897228880,"""784c0af0-9c20-4d27-90ca-9b467b009a32""",0.191783465333,"""cf""",72654848.0,ContainerMetric,"""0""",1.0,"""10.0.16.23""","""diego_cell-partition-f99bec444d276db0e93a""",11399168.0,"""rep"""
1449545529897254491,"""41f37085-eecc-4057-8cf9-726b1bcc25f5""",0.0317534480646,"""cf""",167546880.0,ContainerMetric,"""0""",0.0,"""10.0.16.23""","""diego_cell-partition-f99bec444d276db0e93a""",73474048.0,"""rep"""
1449545529897273643,"""1c641084-10fa-457c-8712-90e49f13c8c1""",0.0249884830089,"""cf""",54001664.0,ContainerMetric,"""0""",0.0,"""10.0.16.23""","""diego_cell-partition-f99bec444d276db0e93a""",7487488.0,"""rep"""
1449545529897289902,"""39778aca-7b64-4983-be6c-f8cb01b387e9""",0.068990829448,"""cf""",205180928.0,ContainerMetric,"""0""",0.0,"""10.0.16.23""","""diego_cell-partition-f99bec444d276db0e93a""",661499904.0,"""rep"""
1449545529897305841,"""441c17c1-539c-429a-bf6e-6307bf05a70b""",0.0767884484223,"""cf""",163110912.0,ContainerMetric,"""0""",0.0,"""10.0.16.23""","""diego_cell-partition-f99bec444d276db0e93a""",301768704.0,"""rep"""
1449545529897321171,"""6316a187-0935-4687-82e2-99f44a372a68""",0.00366119389666,"""cf""",35680256.0,ContainerMetric,"""0""",1.0,"""10.0.16.23""","""diego_cell-partition-f99bec444d276db0e93a""",4751360.0,"""rep"""
1449545529897337234,"""784c0af0-9c20-4d27-90ca-9b467b009a32""",0.168723817514,"""cf""",72654848.0,ContainerMetric,"""0""",2.0,"""10.0.16.23""","""diego_cell-partition-f99bec444d276db0e93a""",11284480.0,"""rep"""
1449545529897353114,"""c784515d-c03b-4921-8ab9-683fcfd01d95""",0.0244058561938,"""cf""",164630528.0,ContainerMetric,"""0""",0.0,"""10.0.16.23""","""diego_cell-partition-f99bec444d276db0e93a""",25083904.0,"""rep"""
1449545529897371440,"""d4631e76-29dd-45a3-90e6-7f7c3303832d""",0.0354331600589,"""cf""",167567360.0,ContainerMetric,"""0""",0.0,"""10.0.16.23""","""diego_cell-partition-f99bec444d276db0e93a""",85958656.0,"""rep"""
1449545529897387798,"""3a9c9c53-0491-4ccb-9dde-3b4893c53a0e""",0.366625947628,"""cf""",328568832.0,ContainerMetric,"""0""",0.0,"""10.0.16.23""","""diego_cell-partition-f99bec444d276db0e93a""",130527232.0,"""rep"""
1449545529897403790,"""784c0af0-9c20-4d27-90ca-9b467b009a32""",0.24626642513,"""cf""",72654848.0,ContainerMetric,"""0""",0.0,"""10.0.16.23""","""diego_cell-partition-f99bec444d276db0e93a""",13152256.0,"""rep"""
1449545529897419470,"""b1138b50-eff3-4aca-abfd-f96ff1acf6f1""",5.79792724985,"""cf""",91317248.0,ContainerMetric,"""0""",0.0,"""10.0.16.23""","""diego_cell-partition-f99bec444d276db0e93a""",52580352.0,"""rep"""
1449545529897436121,"""24103d4e-df8d-4b44-b1e2-86a92a8aff74""",0.0315269479989,"""cf""",36556800.0,ContainerMetric,"""0""",1.0,"""10.0.16.23""","""diego_cell-partition-f99bec444d276db0e93a""",5320704.0,"""rep"""
1449545529897455931,"""2e5c017e-ede6-4c06-8f86-65b814ef9ca9""",0.0982247330045,"""cf""",167546880.0,ContainerMetric,"""0""",0.0,"""10.0.16.23""","""diego_cell-partition-f99bec444d276db0e93a""",77975552.0,"""rep"""
1449545529897472842,"""de712236-f466-4852-bcee-d06fb7e2a7a5""",0.0435538058496,"""cf""",71294976.0,ContainerMetric,"""0""",0.0,"""10.0.16.23""","""diego_cell-partition-f99bec444d276db0e93a""",11448320.0,"""rep"""
1449545547746011922,"""0851aa07-12af-44bf-ba6d-60c91eff4e1b""",0.0251498921619,"""cf""",102297600.0,ContainerMetric,"""1""",0.0,"""10.0.16.24""","""diego_cell-partition-f99bec444d276db0e93a""",105340928.0,"""rep"""
1449545547746054831,"""24103d4e-df8d-4b44-b1e2-86a92a8aff74""",0.0235620088413,"""cf""",36556800.0,ContainerMetric,"""1""",0.0,"""10.0.16.24""","""diego_cell-partition-f99bec444d276db0e93a""",5230592.0,"""rep"""
1449545547746079930,"""247682bf-fc34-4708-8453-6636dcb85079""",0.0208562667565,"""cf""",47775744.0,ContainerMetric,"""1""",0.0,"""10.0.16.24""","""diego_cell-partition-f99bec444d276db0e93a""",5398528.0,"""rep"""
1449545547746104127,"""6316a187-0935-4687-82e2-99f44a372a68""",0.0027690331472,"""cf""",35680256.0,ContainerMetric,"""1""",0.0,"""10.0.16.24""","""diego_cell-partition-f99bec444d276db0e93a""",2654208.0,"""rep"""
1449545547746127334,"""b1138b50-eff3-4aca-abfd-f96ff1acf6f1""",5.50262508615,"""cf""",89253888.0,ContainerMetric,"""1""",3.0,"""10.0.16.24""","""diego_cell-partition-f99bec444d276db0e93a""",48861184.0,"""rep"""
1449545547746150569,"""d6e07725-28c7-4b29-8ee1-cdbff850f494""",0.0618897788715,"""cf""",200724480.0,ContainerMetric,"""1""",0.0,"""10.0.16.24""","""diego_cell-partition-f99bec444d276db0e93a""",383549440.0,"""rep"""
1449545550489491396,"""b1138b50-eff3-4aca-abfd-f96ff1acf6f1""",6.3865678863,"""cf""",89399296.0,ContainerMetric,"""2""",1.0,"""10.0.16.97""","""diego_cell-partition-f99bec444d276db0e93a""",48758784.0,"""rep"""
1449545550489532349,"""c845216a-dd9d-4451-8802-4ef303a48e0d""",12.2430211487,"""cf""",164605952.0,ContainerMetric,"""2""",0.0,"""10.0.16.97""","""diego_cell-partition-f99bec444d276db0e93a""",78233600.0,"""rep"""
1449545550489555894,"""b1138b50-eff3-4aca-abfd-f96ff1acf6f1""",6.31449507287,"""cf""",89398272.0,ContainerMetric,"""2""",4.0,"""10.0.16.97""","""diego_cell-partition-f99bec444d276db0e93a""",46936064.0,"""rep"""
1449545555080756836,"""b1138b50-eff3-4aca-abfd-f96ff1acf6f1""",5.79077987802,"""cf""",89637888.0,ContainerMetric,"""3""",2.0,"""10.0.16.98""","""diego_cell-partition-f99bec444d276db0e93a""",49111040.0,"""rep"""
1449545555080807582,"""b1138b50-eff3-4aca-abfd-f96ff1acf6f1""",5.80500512136,"""cf""",89637888.0,ContainerMetric,"""3""",5.0,"""10.0.16.98""","""diego_cell-partition-f99bec444d276db0e93a""",47583232.0,"""rep"""
1449545559892802895,"""6316a187-0935-4687-82e2-99f44a372a68""",0.0029443209943,"""cf""",35680256.0,ContainerMetric,"""0""",1.0,"""10.0.16.23""","""diego_cell-partition-f99bec444d276db0e93a""",4751360.0,"""rep"""
1449545559892855379,"""24103d4e-df8d-4b44-b1e2-86a92a8aff74""",0.024789008871,"""cf""",36556800.0,ContainerMetric,"""0""",1.0,"""10.0.16.23""","""diego_cell-partition-f99bec444d276db0e93a""",5320704.0,"""rep"""
1449545559892878948,"""441c17c1-539c-429a-bf6e-6307bf05a70b""",0.0647464045735,"""cf""",163110912.0,ContainerMetric,"""0""",0.0,"""10.0.16.23""","""diego_cell-partition-f99bec444d276db0e93a""",301768704.0,"""rep"""
1449545559892895388,"""784c0af0-9c20-4d27-90ca-9b467b009a32""",0.191347800052,"""cf""",72654848.0,ContainerMetric,"""0""",1.0,"""10.0.16.23""","""diego_cell-partition-f99bec444d276db0e93a""",11399168.0,"""rep"""
1449545559892910544,"""1c641084-10fa-457c-8712-90e49f13c8c1""",0.0218149804302,"""cf""",54001664.0,ContainerMetric,"""0""",0.0,"""10.0.16.23""","""diego_cell-partition-f99bec444d276db0e93a""",7467008.0,"""rep"""
1449545559892924313,"""39778aca-7b64-4983-be6c-f8cb01b387e9""",0.0633956108804,"""cf""",205180928.0,ContainerMetric,"""0""",0.0,"""10.0.16.23""","""diego_cell-partition-f99bec444d276db0e93a""",661499904.0,"""rep"""
1449545559892937166,"""3a9c9c53-0491-4ccb-9dde-3b4893c53a0e""",0.0317821037785,"""cf""",328568832.0,ContainerMetric,"""0""",0.0,"""10.0.16.23""","""diego_cell-partition-f99bec444d276db0e93a""",130527232.0,"""rep"""
1449545559892961452,"""784c0af0-9c20-4d27-90ca-9b467b009a32""",0.236254664375,"""cf""",72654848.0,ContainerMetric,"""0""",0.0,"""10.0.16.23""","""diego_cell-partition-f99bec444d276db0e93a""",13152256.0,"""rep"""
1449545559892985453,"""b1138b50-eff3-4aca-abfd-f96ff1acf6f1""",5.60231684497,"""cf""",92878848.0,ContainerMetric,"""0""",0.0,"""10.0.16.23""","""diego_cell-partition-f99bec444d276db0e93a""",54136832.0,"""rep"""
1449545559893012173,"""de712236-f466-4852-bcee-d06fb7e2a7a5""",0.0293889557645,"""cf""",71294976.0,ContainerMetric,"""0""",0.0,"""10.0.16.23""","""diego_cell-partition-f99bec444d276db0e93a""",11448320.0,"""rep"""
1449545559893038955,"""c784515d-c03b-4921-8ab9-683fcfd01d95""",0.022697295926,"""cf""",164630528.0,ContainerMetric,"""0""",0.0,"""10.0.16.23""","""diego_cell-partition-f99bec444d276db0e93a""",25083904.0,"""rep"""
1449545559893064231,"""2e5c017e-ede6-4c06-8f86-65b814ef9ca9""",0.02095692496,"""cf""",167546880.0,ContainerMetric,"""0""",0.0,"""10.0.16.23""","""diego_cell-partition-f99bec444d276db0e93a""",77975552.0,"""rep"""
1449545559893088750,"""784c0af0-9c20-4d27-90ca-9b467b009a32""",0.185555234699,"""cf""",72654848.0,ContainerMetric,"""0""",2.0,"""10.0.16.23""","""diego_cell-partition-f99bec444d276db0e93a""",11284480.0,"""rep"""
1449545559893110404,"""d4631e76-29dd-45a3-90e6-7f7c3303832d""",0.0291917184557,"""cf""",167567360.0,ContainerMetric,"""0""",0.0,"""10.0.16.23""","""diego_cell-partition-f99bec444d276db0e93a""",85958656.0,"""rep"""
1449545559893138767,"""b1aca68a-19a7-4b4d-aeb1-accf3cff5dca""",0.0619556848463,"""cf""",163110912.0,ContainerMetric,"""0""",0.0,"""10.0.16.23""","""diego_cell-partition-f99bec444d276db0e93a""",306200576.0,"""rep"""
1449545559893166539,"""41f37085-eecc-4057-8cf9-726b1bcc25f5""",0.0132050583288,"""cf""",167546880.0,ContainerMetric,"""0""",0.0,"""10.0.16.23""","""diego_cell-partition-f99bec444d276db0e93a""",73474048.0,"""rep"""
1449545577745955702,"""0851aa07-12af-44bf-ba6d-60c91eff4e1b""",0.0189836991227,"""cf""",102297600.0,ContainerMetric,"""1""",0.0,"""10.0.16.24""","""diego_cell-partition-f99bec444d276db0e93a""",105340928.0,"""rep"""
1449545577745999981,"""24103d4e-df8d-4b44-b1e2-86a92a8aff74""",0.0216638575088,"""cf""",36556800.0,ContainerMetric,"""1""",0.0,"""10.0.16.24""","""diego_cell-partition-f99bec444d276db0e93a""",5230592.0,"""rep"""
1449545577746021623,"""247682bf-fc34-4708-8453-6636dcb85079""",0.0211116998012,"""cf""",47775744.0,ContainerMetric,"""1""",0.0,"""10.0.16.24""","""diego_cell-partition-f99bec444d276db0e93a""",5398528.0,"""rep"""
1449545577746039454,"""6316a187-0935-4687-82e2-99f44a372a68""",0.00258269153573,"""cf""",35680256.0,ContainerMetric,"""1""",0.0,"""10.0.16.24""","""diego_cell-partition-f99bec444d276db0e93a""",2654208.0,"""rep"""
1449545577746057332,"""b1138b50-eff3-4aca-abfd-f96ff1acf6f1""",5.55506557611,"""cf""",90816512.0,ContainerMetric,"""1""",3.0,"""10.0.16.24""","""diego_cell-partition-f99bec444d276db0e93a""",50429952.0,"""rep"""
1449545577746070957,"""d6e07725-28c7-4b29-8ee1-cdbff850f494""",0.0615447393616,"""cf""",200724480.0,ContainerMetric,"""1""",0.0,"""10.0.16.24""","""diego_cell-partition-f99bec444d276db0e93a""",383549440.0,"""rep"""
1449545580492481019,"""b1138b50-eff3-4aca-abfd-f96ff1acf6f1""",5.92565568607,"""cf""",90961920.0,ContainerMetric,"""2""",4.0,"""10.0.16.97""","""diego_cell-partition-f99bec444d276db0e93a""",48476160.0,"""rep"""
1449545580492522546,"""b1138b50-eff3-4aca-abfd-f96ff1acf6f1""",5.90748901654,"""cf""",90960896.0,ContainerMetric,"""2""",1.0,"""10.0.16.97""","""diego_cell-partition-f99bec444d276db0e93a""",50290688.0,"""rep"""
1449545580492548062,"""c845216a-dd9d-4451-8802-4ef303a48e0d""",3.53330729138,"""cf""",164605952.0,ContainerMetric,"""2""",0.0,"""10.0.16.97""","""diego_cell-partition-f99bec444d276db0e93a""",79192064.0,"""rep"""
1449545585080609474,"""b1138b50-eff3-4aca-abfd-f96ff1acf6f1""",5.88874613178,"""cf""",91200512.0,ContainerMetric,"""3""",2.0,"""10.0.16.98""","""diego_cell-partition-f99bec444d276db0e93a""",50667520.0,"""rep"""
1449545585080652723,"""b1138b50-eff3-4aca-abfd-f96ff1acf6f1""",5.75554484373,"""cf""",91200512.0,ContainerMetric,"""3""",5.0,"""10.0.16.98""","""diego_cell-partition-f99bec444d276db0e93a""",49135616.0,"""rep"""
1449545589893966511,"""24103d4e-df8d-4b44-b1e2-86a92a8aff74""",0.0238373811136,"""cf""",36556800.0,ContainerMetric,"""0""",1.0,"""10.0.16.23""","""diego_cell-partition-f99bec444d276db0e93a""",5320704.0,"""rep"""
1449545589894009914,"""41f37085-eecc-4057-8cf9-726b1bcc25f5""",0.013142079722,"""cf""",167546880.0,ContainerMetric,"""0""",0.0,"""10.0.16.23""","""diego_cell-partition-f99bec444d276db0e93a""",73474048.0,"""rep"""
1449545589894034132,"""1c641084-10fa-457c-8712-90e49f13c8c1""",0.0205221165047,"""cf""",54001664.0,ContainerMetric,"""0""",0.0,"""10.0.16.23""","""diego_cell-partition-f99bec444d276db0e93a""",7467008.0,"""rep"""
1449545589894051774,"""b1138b50-eff3-4aca-abfd-f96ff1acf6f1""",5.48021523197,"""cf""",94441472.0,ContainerMetric,"""0""",0.0,"""10.0.16.23""","""diego_cell-partition-f99bec444d276db0e93a""",55681024.0,"""rep"""
1449545589894077062,"""784c0af0-9c20-4d27-90ca-9b467b009a32""",0.23879788467,"""cf""",72654848.0,ContainerMetric,"""0""",0.0,"""10.0.16.23""","""diego_cell-partition-f99bec444d276db0e93a""",13152256.0,"""rep"""
1449545589894093596,"""441c17c1-539c-429a-bf6e-6307bf05a70b""",0.062967041795,"""cf""",163110912.0,ContainerMetric,"""0""",0.0,"""10.0.16.23""","""diego_cell-partition-f99bec444d276db0e93a""",301768704.0,"""rep"""
1449545589894115456,"""784c0af0-9c20-4d27-90ca-9b467b009a32""",0.17623164398,"""cf""",72654848.0,ContainerMetric,"""0""",2.0,"""10.0.16.23""","""diego_cell-partition-f99bec444d276db0e93a""",11284480.0,"""rep"""
1449545589894136751,"""c784515d-c03b-4921-8ab9-683fcfd01d95""",0.025113981546,"""cf""",164630528.0,ContainerMetric,"""0""",0.0,"""10.0.16.23""","""diego_cell-partition-f99bec444d276db0e93a""",25083904.0,"""rep"""
1449545589894158142,"""6316a187-0935-4687-82e2-99f44a372a68""",0.00277668552074,"""cf""",35680256.0,ContainerMetric,"""0""",1.0,"""10.0.16.23""","""diego_cell-partition-f99bec444d276db0e93a""",4751360.0,"""rep"""
1449545589894181606,"""de712236-f466-4852-bcee-d06fb7e2a7a5""",0.0355567194108,"""cf""",71294976.0,ContainerMetric,"""0""",0.0,"""10.0.16.23""","""diego_cell-partition-f99bec444d276db0e93a""",11448320.0,"""rep"""
1449545589894203448,"""2e5c017e-ede6-4c06-8f86-65b814ef9ca9""",0.0211864307108,"""cf""",167546880.0,ContainerMetric,"""0""",0.0,"""10.0.16.23""","""diego_cell-partition-f99bec444d276db0e93a""",77975552.0,"""rep"""
1449545589894240267,"""784c0af0-9c20-4d27-90ca-9b467b009a32""",0.187579003387,"""cf""",72654848.0,ContainerMetric,"""0""",1.0,"""10.0.16.23""","""diego_cell-partition-f99bec444d276db0e93a""",11399168.0,"""rep"""
1449545589894262746,"""d4631e76-29dd-45a3-90e6-7f7c3303832d""",0.0308178267449,"""cf""",167567360.0,ContainerMetric,"""0""",0.0,"""10.0.16.23""","""diego_cell-partition-f99bec444d276db0e93a""",85958656.0,"""rep"""
1449545589894283816,"""b1aca68a-19a7-4b4d-aeb1-accf3cff5dca""",0.0725793152382,"""cf""",163110912.0,ContainerMetric,"""0""",0.0,"""10.0.16.23""","""diego_cell-partition-f99bec444d276db0e93a""",306200576.0,"""rep"""
1449545589894318787,"""3a9c9c53-0491-4ccb-9dde-3b4893c53a0e""",0.319043722234,"""cf""",328568832.0,ContainerMetric,"""0""",0.0,"""10.0.16.23""","""diego_cell-partition-f99bec444d276db0e93a""",130527232.0,"""rep"""
1449545589894339338,"""39778aca-7b64-4983-be6c-f8cb01b387e9""",0.0639493469875,"""cf""",205180928.0,ContainerMetric,"""0""",0.0,"""10.0.16.23""","""diego_cell-partition-f99bec444d276db0e93a""",661499904.0,"""rep"""
1449545607745140001,"""6316a187-0935-4687-82e2-99f44a372a68""",0.00564744345968,"""cf""",35680256.0,ContainerMetric,"""1""",0.0,"""10.0.16.24""","""diego_cell-partition-f99bec444d276db0e93a""",2654208.0,"""rep"""
1449545607745187086,"""b1138b50-eff3-4aca-abfd-f96ff1acf6f1""",5.3714063255,"""cf""",92379136.0,ContainerMetric,"""1""",3.0,"""10.0.16.24""","""diego_cell-partition-f99bec444d276db0e93a""",51990528.0,"""rep"""
1449545607745210190,"""d6e07725-28c7-4b29-8ee1-cdbff850f494""",0.0600215343165,"""cf""",200724480.0,ContainerMetric,"""1""",0.0,"""10.0.16.24""","""diego_cell-partition-f99bec444d276db0e93a""",383549440.0,"""rep"""
1449545607745233202,"""0851aa07-12af-44bf-ba6d-60c91eff4e1b""",0.0204365319947,"""cf""",102297600.0,ContainerMetric,"""1""",0.0,"""10.0.16.24""","""diego_cell-partition-f99bec444d276db0e93a""",105340928.0,"""rep"""
1449545607745254277,"""24103d4e-df8d-4b44-b1e2-86a92a8aff74""",0.0271693516143,"""cf""",36556800.0,ContainerMetric,"""1""",0.0,"""10.0.16.24""","""diego_cell-partition-f99bec444d276db0e93a""",5230592.0,"""rep"""
1449545607745275338,"""247682bf-fc34-4708-8453-6636dcb85079""",0.0177212882125,"""cf""",47775744.0,ContainerMetric,"""1""",0.0,"""10.0.16.24""","""diego_cell-partition-f99bec444d276db0e93a""",5398528.0,"""rep"""
1449545610487697915,"""b1138b50-eff3-4aca-abfd-f96ff1acf6f1""",5.77015213222,"""cf""",92523520.0,ContainerMetric,"""2""",4.0,"""10.0.16.97""","""diego_cell-partition-f99bec444d276db0e93a""",50020352.0,"""rep"""
1449545610487740136,"""b1138b50-eff3-4aca-abfd-f96ff1acf6f1""",5.91570144483,"""cf""",92523520.0,ContainerMetric,"""2""",1.0,"""10.0.16.97""","""diego_cell-partition-f99bec444d276db0e93a""",51847168.0,"""rep"""
1449545615082297809,"""b1138b50-eff3-4aca-abfd-f96ff1acf6f1""",5.75314967473,"""cf""",92763136.0,ContainerMetric,"""3""",2.0,"""10.0.16.98""","""diego_cell-partition-f99bec444d276db0e93a""",52224000.0,"""rep"""
1449545615082334494,"""b1138b50-eff3-4aca-abfd-f96ff1acf6f1""",5.71913587095,"""cf""",92763136.0,ContainerMetric,"""3""",5.0,"""10.0.16.98""","""diego_cell-partition-f99bec444d276db0e93a""",50692096.0,"""rep"""
1449545619894182518,"""6316a187-0935-4687-82e2-99f44a372a68""",0.00588185463925,"""cf""",35680256.0,ContainerMetric,"""0""",1.0,"""10.0.16.23""","""diego_cell-partition-f99bec444d276db0e93a""",4751360.0,"""rep"""
1449545619894237596,"""b1aca68a-19a7-4b4d-aeb1-accf3cff5dca""",0.0653481997364,"""cf""",163110912.0,ContainerMetric,"""0""",0.0,"""10.0.16.23""","""diego_cell-partition-f99bec444d276db0e93a""",306200576.0,"""rep"""
1449545619894258777,"""41f37085-eecc-4057-8cf9-726b1bcc25f5""",0.0132047056489,"""cf""",167546880.0,ContainerMetric,"""0""",0.0,"""10.0.16.23""","""diego_cell-partition-f99bec444d276db0e93a""",73474048.0,"""rep"""
1449545619894269184,"""3a9c9c53-0491-4ccb-9dde-3b4893c53a0e""",1.70781466054,"""cf""",328568832.0,ContainerMetric,"""0""",0.0,"""10.0.16.23""","""diego_cell-partition-f99bec444d276db0e93a""",130871296.0,"""rep"""
1449545619894277583,"""784c0af0-9c20-4d27-90ca-9b467b009a32""",0.172304495505,"""cf""",72654848.0,ContainerMetric,"""0""",1.0,"""10.0.16.23""","""diego_cell-partition-f99bec444d276db0e93a""",11399168.0,"""rep"""
1449545619894285436,"""24103d4e-df8d-4b44-b1e2-86a92a8aff74""",0.0231143648417,"""cf""",36556800.0,ContainerMetric,"""0""",1.0,"""10.0.16.23""","""diego_cell-partition-f99bec444d276db0e93a""",5320704.0,"""rep"""
1449545619894293111,"""de712236-f466-4852-bcee-d06fb7e2a7a5""",0.0346616989996,"""cf""",71294976.0,ContainerMetric,"""0""",0.0,"""10.0.16.23""","""diego_cell-partition-f99bec444d276db0e93a""",11448320.0,"""rep"""
1449545619894301154,"""784c0af0-9c20-4d27-90ca-9b467b009a32""",0.194053863433,"""cf""",72654848.0,ContainerMetric,"""0""",2.0,"""10.0.16.23""","""diego_cell-partition-f99bec444d276db0e93a""",11284480.0,"""rep"""
1449545619894308640,"""b1138b50-eff3-4aca-abfd-f96ff1acf6f1""",5.66801187721,"""cf""",96001024.0,ContainerMetric,"""0""",0.0,"""10.0.16.23""","""diego_cell-partition-f99bec444d276db0e93a""",57233408.0,"""rep"""
1449545619894317825,"""d4631e76-29dd-45a3-90e6-7f7c3303832d""",0.0277397484588,"""cf""",167567360.0,ContainerMetric,"""0""",0.0,"""10.0.16.23""","""diego_cell-partition-f99bec444d276db0e93a""",85958656.0,"""rep"""
1449545619894325418,"""c784515d-c03b-4921-8ab9-683fcfd01d95""",0.0602238530178,"""cf""",164630528.0,ContainerMetric,"""0""",0.0,"""10.0.16.23""","""diego_cell-partition-f99bec444d276db0e93a""",25083904.0,"""rep"""
1449545619894333094,"""2e5c017e-ede6-4c06-8f86-65b814ef9ca9""",0.0212259083352,"""cf""",167546880.0,ContainerMetric,"""0""",0.0,"""10.0.16.23""","""diego_cell-partition-f99bec444d276db0e93a""",77975552.0,"""rep"""
1449545619894340495,"""441c17c1-539c-429a-bf6e-6307bf05a70b""",0.0639898727753,"""cf""",163110912.0,ContainerMetric,"""0""",0.0,"""10.0.16.23""","""diego_cell-partition-f99bec444d276db0e93a""",301768704.0,"""rep"""
1449545619894348250,"""1c641084-10fa-457c-8712-90e49f13c8c1""",0.0279807000704,"""cf""",54001664.0,ContainerMetric,"""0""",0.0,"""10.0.16.23""","""diego_cell-partition-f99bec444d276db0e93a""",7467008.0,"""rep"""
1449545619894357237,"""39778aca-7b64-4983-be6c-f8cb01b387e9""",0.0681877461137,"""cf""",205180928.0,ContainerMetric,"""0""",0.0,"""10.0.16.23""","""diego_cell-partition-f99bec444d276db0e93a""",661499904.0,"""rep"""
1449545619894365306,"""784c0af0-9c20-4d27-90ca-9b467b009a32""",0.257394104184,"""cf""",72654848.0,ContainerMetric,"""0""",0.0,"""10.0.16.23""","""diego_cell-partition-f99bec444d276db0e93a""",13152256.0,"""rep"""
1449545637745652002,"""6316a187-0935-4687-82e2-99f44a372a68""",0.00342450153622,"""cf""",35680256.0,ContainerMetric,"""1""",0.0,"""10.0.16.24""","""diego_cell-partition-f99bec444d276db0e93a""",2654208.0,"""rep"""
1449545637745695313,"""b1138b50-eff3-4aca-abfd-f96ff1acf6f1""",5.78687069539,"""cf""",94035968.0,ContainerMetric,"""1""",3.0,"""10.0.16.24""","""diego_cell-partition-f99bec444d276db0e93a""",53653504.0,"""rep"""
1449545637745721904,"""d6e07725-28c7-4b29-8ee1-cdbff850f494""",0.0619919916603,"""cf""",200724480.0,ContainerMetric,"""1""",0.0,"""10.0.16.24""","""diego_cell-partition-f99bec444d276db0e93a""",383549440.0,"""rep"""
1449545637745746216,"""0851aa07-12af-44bf-ba6d-60c91eff4e1b""",0.0197263532278,"""cf""",102297600.0,ContainerMetric,"""1""",0.0,"""10.0.16.24""","""diego_cell-partition-f99bec444d276db0e93a""",105340928.0,"""rep"""
1449545637745769150,"""24103d4e-df8d-4b44-b1e2-86a92a8aff74""",0.0202654940234,"""cf""",36556800.0,ContainerMetric,"""1""",0.0,"""10.0.16.24""","""diego_cell-partition-f99bec444d276db0e93a""",5230592.0,"""rep"""
1449545637745792957,"""247682bf-fc34-4708-8453-6636dcb85079""",0.0216027178607,"""cf""",47775744.0,ContainerMetric,"""1""",0.0,"""10.0.16.24""","""diego_cell-partition-f99bec444d276db0e93a""",5398528.0,"""rep"""
1449545640487320746,"""b1138b50-eff3-4aca-abfd-f96ff1acf6f1""",6.10543436091,"""cf""",94213120.0,ContainerMetric,"""2""",4.0,"""10.0.16.97""","""diego_cell-partition-f99bec444d276db0e93a""",51707904.0,"""rep"""
1449545640487357724,"""b1138b50-eff3-4aca-abfd-f96ff1acf6f1""",6.325843868,"""cf""",94213120.0,ContainerMetric,"""2""",1.0,"""10.0.16.97""","""diego_cell-partition-f99bec444d276db0e93a""",53534720.0,"""rep"""
1449545645089460691,"""b1138b50-eff3-4aca-abfd-f96ff1acf6f1""",6.44980361596,"""cf""",94490624.0,ContainerMetric,"""3""",2.0,"""10.0.16.98""","""diego_cell-partition-f99bec444d276db0e93a""",53940224.0,"""rep"""
1449545645089502177,"""b1138b50-eff3-4aca-abfd-f96ff1acf6f1""",6.49205578801,"""cf""",94490624.0,ContainerMetric,"""3""",5.0,"""10.0.16.98""","""diego_cell-partition-f99bec444d276db0e93a""",52396032.0,"""rep"""
1449545649899185734,"""c784515d-c03b-4921-8ab9-683fcfd01d95""",16.972720746,"""cf""",164630528.0,ContainerMetric,"""0""",0.0,"""10.0.16.23""","""diego_cell-partition-f99bec444d276db0e93a""",77398016.0,"""rep"""
1449545649899230882,"""784c0af0-9c20-4d27-90ca-9b467b009a32""",0.180984636607,"""cf""",72654848.0,ContainerMetric,"""0""",1.0,"""10.0.16.23""","""diego_cell-partition-f99bec444d276db0e93a""",11399168.0,"""rep"""
1449545649899258078,"""d4631e76-29dd-45a3-90e6-7f7c3303832d""",0.0390520023995,"""cf""",167567360.0,ContainerMetric,"""0""",0.0,"""10.0.16.23""","""diego_cell-partition-f99bec444d276db0e93a""",85958656.0,"""rep"""
1449545649899282864,"""de712236-f466-4852-bcee-d06fb7e2a7a5""",0.0432796938447,"""cf""",71294976.0,ContainerMetric,"""0""",0.0,"""10.0.16.23""","""diego_cell-partition-f99bec444d276db0e93a""",11448320.0,"""rep"""
1449545649899304951,"""784c0af0-9c20-4d27-90ca-9b467b009a32""",0.253881096744,"""cf""",72654848.0,ContainerMetric,"""0""",0.0,"""10.0.16.23""","""diego_cell-partition-f99bec444d276db0e93a""",13152256.0,"""rep"""
1449545649899335389,"""784c0af0-9c20-4d27-90ca-9b467b009a32""",0.17386111155,"""cf""",72654848.0,ContainerMetric,"""0""",2.0,"""10.0.16.23""","""diego_cell-partition-f99bec444d276db0e93a""",11284480.0,"""rep"""
1449545649899357343,"""1c641084-10fa-457c-8712-90e49f13c8c1""",0.0268319541599,"""cf""",54001664.0,ContainerMetric,"""0""",0.0,"""10.0.16.23""","""diego_cell-partition-f99bec444d276db0e93a""",7467008.0,"""rep"""
1449545649899379600,"""441c17c1-539c-429a-bf6e-6307bf05a70b""",0.0756205024056,"""cf""",163110912.0,ContainerMetric,"""0""",0.0,"""10.0.16.23""","""diego_cell-partition-f99bec444d276db0e93a""",301776896.0,"""rep"""
1449545649899400941,"""6316a187-0935-4687-82e2-99f44a372a68""",0.00388773815281,"""cf""",35680256.0,ContainerMetric,"""0""",1.0,"""10.0.16.23""","""diego_cell-partition-f99bec444d276db0e93a""",4751360.0,"""rep"""
1449545649899427090,"""3a9c9c53-0491-4ccb-9dde-3b4893c53a0e""",0.922176634987,"""cf""",328568832.0,ContainerMetric,"""0""",0.0,"""10.0.16.23""","""diego_cell-partition-f99bec444d276db0e93a""",130871296.0,"""rep"""
1449545649899451468,"""2e5c017e-ede6-4c06-8f86-65b814ef9ca9""",0.0278818590252,"""cf""",167546880.0,ContainerMetric,"""0""",0.0,"""10.0.16.23""","""diego_cell-partition-f99bec444d276db0e93a""",77975552.0,"""rep"""
1449545649899472806,"""24103d4e-df8d-4b44-b1e2-86a92a8aff74""",0.0318511435753,"""cf""",36556800.0,ContainerMetric,"""0""",1.0,"""10.0.16.23""","""diego_cell-partition-f99bec444d276db0e93a""",5320704.0,"""rep"""
1449545649899494202,"""b1aca68a-19a7-4b4d-aeb1-accf3cff5dca""",0.0698928911622,"""cf""",163110912.0,ContainerMetric,"""0""",0.0,"""10.0.16.23""","""diego_cell-partition-f99bec444d276db0e93a""",306200576.0,"""rep"""
1449545649899514575,"""b1138b50-eff3-4aca-abfd-f96ff1acf6f1""",6.75430727022,"""cf""",97770496.0,ContainerMetric,"""0""",0.0,"""10.0.16.23""","""diego_cell-partition-f99bec444d276db0e93a""",58994688.0,"""rep"""
1449545649899538316,"""39778aca-7b64-4983-be6c-f8cb01b387e9""",0.0664451529463,"""cf""",205180928.0,ContainerMetric,"""0""",0.0,"""10.0.16.23""","""diego_cell-partition-f99bec444d276db0e93a""",661499904.0,"""rep"""
1449545649899558671,"""41f37085-eecc-4057-8cf9-726b1bcc25f5""",0.0168353983527,"""cf""",167546880.0,ContainerMetric,"""0""",0.0,"""10.0.16.23""","""diego_cell-partition-f99bec444d276db0e93a""",73474048.0,"""rep"""
1449545667749211957,"""d6e07725-28c7-4b29-8ee1-cdbff850f494""",0.0660583368985,"""cf""",200724480.0,ContainerMetric,"""1""",0.0,"""10.0.16.24""","""diego_cell-partition-f99bec444d276db0e93a""",383549440.0,"""rep"""
1449545667749254951,"""0851aa07-12af-44bf-ba6d-60c91eff4e1b""",0.0249969967031,"""cf""",102297600.0,ContainerMetric,"""1""",0.0,"""10.0.16.24""","""diego_cell-partition-f99bec444d276db0e93a""",105340928.0,"""rep"""
1449545667749282328,"""24103d4e-df8d-4b44-b1e2-86a92a8aff74""",0.0253392027569,"""cf""",36556800.0,ContainerMetric,"""1""",0.0,"""10.0.16.24""","""diego_cell-partition-f99bec444d276db0e93a""",5230592.0,"""rep"""
1449545667749307327,"""247682bf-fc34-4708-8453-6636dcb85079""",0.0242144295777,"""cf""",47775744.0,ContainerMetric,"""1""",0.0,"""10.0.16.24""","""diego_cell-partition-f99bec444d276db0e93a""",5398528.0,"""rep"""
1449545667749323966,"""6316a187-0935-4687-82e2-99f44a372a68""",0.0028106131046,"""cf""",35680256.0,ContainerMetric,"""1""",0.0,"""10.0.16.24""","""diego_cell-partition-f99bec444d276db0e93a""",2654208.0,"""rep"""
1449545667749345758,"""b1138b50-eff3-4aca-abfd-f96ff1acf6f1""",5.03598109578,"""cf""",95378432.0,ContainerMetric,"""1""",3.0,"""10.0.16.24""","""diego_cell-partition-f99bec444d276db0e93a""",54996992.0,"""rep"""
1449545667749362260,"""c784515d-c03b-4921-8ab9-683fcfd01d95""",0.0,"""cf""",164630528.0,ContainerMetric,"""1""",3.0,"""10.0.16.24""","""diego_cell-partition-f99bec444d276db0e93a""",30089216.0,"""rep"""
1449545670490100359,"""b1138b50-eff3-4aca-abfd-f96ff1acf6f1""",4.7962388882,"""cf""",95427584.0,ContainerMetric,"""2""",4.0,"""10.0.16.97""","""diego_cell-partition-f99bec444d276db0e93a""",52912128.0,"""rep"""
1449545670490138774,"""b1138b50-eff3-4aca-abfd-f96ff1acf6f1""",4.80814782168,"""cf""",95426560.0,ContainerMetric,"""2""",1.0,"""10.0.16.97""","""diego_cell-partition-f99bec444d276db0e93a""",54743040.0,"""rep"""
1449545670490165200,"""c784515d-c03b-4921-8ab9-683fcfd01d95""",0.0,"""cf""",164626432.0,ContainerMetric,"""2""",2.0,"""10.0.16.97""","""diego_cell-partition-f99bec444d276db0e93a""",22335488.0,"""rep"""
1449545675084306159,"""b1138b50-eff3-4aca-abfd-f96ff1acf6f1""",4.36475071536,"""cf""",95515648.0,ContainerMetric,"""3""",2.0,"""10.0.16.98""","""diego_cell-partition-f99bec444d276db0e93a""",54964224.0,"""rep"""
1449545675084349361,"""b1138b50-eff3-4aca-abfd-f96ff1acf6f1""",4.38883587364,"""cf""",95515648.0,ContainerMetric,"""3""",5.0,"""10.0.16.98""","""diego_cell-partition-f99bec444d276db0e93a""",53415936.0,"""rep"""
1449545675084368626,"""c784515d-c03b-4921-8ab9-683fcfd01d95""",0.0,"""cf""",164630528.0,ContainerMetric,"""3""",1.0,"""10.0.16.98""","""diego_cell-partition-f99bec444d276db0e93a""",22327296.0,"""rep"""
1449545679909656722,"""39778aca-7b64-4983-be6c-f8cb01b387e9""",0.0691516817296,"""cf""",205180928.0,ContainerMetric,"""0""",0.0,"""10.0.16.23""","""diego_cell-partition-f99bec444d276db0e93a""",661499904.0,"""rep"""
1449545679909695026,"""de712236-f466-4852-bcee-d06fb7e2a7a5""",0.0281479279425,"""cf""",71294976.0,ContainerMetric,"""0""",0.0,"""10.0.16.23""","""diego_cell-partition-f99bec444d276db0e93a""",11448320.0,"""rep"""
1449545679909717291,"""784c0af0-9c20-4d27-90ca-9b467b009a32""",0.254959136617,"""cf""",72654848.0,ContainerMetric,"""0""",0.0,"""10.0.16.23""","""diego_cell-partition-f99bec444d276db0e93a""",13152256.0,"""rep"""
1449545679909737241,"""2e5c017e-ede6-4c06-8f86-65b814ef9ca9""",0.0222054988893,"""cf""",167546880.0,ContainerMetric,"""0""",0.0,"""10.0.16.23""","""diego_cell-partition-f99bec444d276db0e93a""",77975552.0,"""rep"""
1449545679909758790,"""6316a187-0935-4687-82e2-99f44a372a68""",0.00313426594477,"""cf""",35680256.0,ContainerMetric,"""0""",1.0,"""10.0.16.23""","""diego_cell-partition-f99bec444d276db0e93a""",4751360.0,"""rep"""
1449545679909781161,"""784c0af0-9c20-4d27-90ca-9b467b009a32""",0.207990268362,"""cf""",72654848.0,ContainerMetric,"""0""",1.0,"""10.0.16.23""","""diego_cell-partition-f99bec444d276db0e93a""",11399168.0,"""rep"""
1449545679909802218,"""784c0af0-9c20-4d27-90ca-9b467b009a32""",0.200673362421,"""cf""",72654848.0,ContainerMetric,"""0""",2.0,"""10.0.16.23""","""diego_cell-partition-f99bec444d276db0e93a""",11284480.0,"""rep"""
1449545679909823909,"""d4631e76-29dd-45a3-90e6-7f7c3303832d""",0.0315298641016,"""cf""",167567360.0,ContainerMetric,"""0""",0.0,"""10.0.16.23""","""diego_cell-partition-f99bec444d276db0e93a""",85958656.0,"""rep"""
1449545679909845468,"""41f37085-eecc-4057-8cf9-726b1bcc25f5""",0.0139657817337,"""cf""",167546880.0,ContainerMetric,"""0""",0.0,"""10.0.16.23""","""diego_cell-partition-f99bec444d276db0e93a""",73474048.0,"""rep"""
1449545679909869915,"""441c17c1-539c-429a-bf6e-6307bf05a70b""",0.0716810055037,"""cf""",163110912.0,ContainerMetric,"""0""",0.0,"""10.0.16.23""","""diego_cell-partition-f99bec444d276db0e93a""",301776896.0,"""rep"""
1449545679909887455,"""24103d4e-df8d-4b44-b1e2-86a92a8aff74""",0.022945570558,"""cf""",36556800.0,ContainerMetric,"""0""",1.0,"""10.0.16.23""","""diego_cell-partition-f99bec444d276db0e93a""",5320704.0,"""rep"""
1449545679909909411,"""3a9c9c53-0491-4ccb-9dde-3b4893c53a0e""",0.671875043506,"""cf""",328568832.0,ContainerMetric,"""0""",0.0,"""10.0.16.23""","""diego_cell-partition-f99bec444d276db0e93a""",130871296.0,"""rep"""
1449545679909931568,"""1c641084-10fa-457c-8712-90e49f13c8c1""",0.0227399290064,"""cf""",54001664.0,ContainerMetric,"""0""",0.0,"""10.0.16.23""","""diego_cell-partition-f99bec444d276db0e93a""",7467008.0,"""rep"""
1449545679909953026,"""b1138b50-eff3-4aca-abfd-f96ff1acf6f1""",3.37780325166,"""cf""",98600960.0,ContainerMetric,"""0""",0.0,"""10.0.16.23""","""diego_cell-partition-f99bec444d276db0e93a""",59805696.0,"""rep"""
1449545679909977192,"""b1aca68a-19a7-4b4d-aeb1-accf3cff5dca""",0.0697086506458,"""cf""",163110912.0,ContainerMetric,"""0""",0.0,"""10.0.16.23""","""diego_cell-partition-f99bec444d276db0e93a""",306200576.0,"""rep"""
1449545679909998314,"""c784515d-c03b-4921-8ab9-683fcfd01d95""",28.9470293461,"""cf""",164630528.0,ContainerMetric,"""0""",0.0,"""10.0.16.23""","""diego_cell-partition-f99bec444d276db0e93a""",124186624.0,"""rep"""
1449545697750400219,"""0851aa07-12af-44bf-ba6d-60c91eff4e1b""",0.0197534782008,"""cf""",102297600.0,ContainerMetric,"""1""",0.0,"""10.0.16.24""","""diego_cell-partition-f99bec444d276db0e93a""",105340928.0,"""rep"""
1449545697750435869,"""24103d4e-df8d-4b44-b1e2-86a92a8aff74""",0.0201983872589,"""cf""",36556800.0,ContainerMetric,"""1""",0.0,"""10.0.16.24""","""diego_cell-partition-f99bec444d276db0e93a""",5230592.0,"""rep"""
1449545697750455667,"""247682bf-fc34-4708-8453-6636dcb85079""",0.0197768239435,"""cf""",47775744.0,ContainerMetric,"""1""",0.0,"""10.0.16.24""","""diego_cell-partition-f99bec444d276db0e93a""",5398528.0,"""rep"""
1449545697750476077,"""6316a187-0935-4687-82e2-99f44a372a68""",0.00253734291088,"""cf""",35680256.0,ContainerMetric,"""1""",0.0,"""10.0.16.24""","""diego_cell-partition-f99bec444d276db0e93a""",2654208.0,"""rep"""
1449545697750493304,"""b1138b50-eff3-4aca-abfd-f96ff1acf6f1""",2.62513632955,"""cf""",96049152.0,ContainerMetric,"""1""",3.0,"""10.0.16.24""","""diego_cell-partition-f99bec444d276db0e93a""",55656448.0,"""rep"""
1449545697750516490,"""c784515d-c03b-4921-8ab9-683fcfd01d95""",6.62142439859,"""cf""",164634624.0,ContainerMetric,"""1""",3.0,"""10.0.16.24""","""diego_cell-partition-f99bec444d276db0e93a""",44539904.0,"""rep"""
1449545697750539697,"""d6e07725-28c7-4b29-8ee1-cdbff850f494""",0.0581704577413,"""cf""",200724480.0,ContainerMetric,"""1""",0.0,"""10.0.16.24""","""diego_cell-partition-f99bec444d276db0e93a""",383549440.0,"""rep"""
1449545700488721140,"""b1138b50-eff3-4aca-abfd-f96ff1acf6f1""",2.60687826609,"""cf""",96143360.0,ContainerMetric,"""2""",4.0,"""10.0.16.97""","""diego_cell-partition-f99bec444d276db0e93a""",53637120.0,"""rep"""
1449545700488771377,"""b1138b50-eff3-4aca-abfd-f96ff1acf6f1""",2.5844711462,"""cf""",96143360.0,ContainerMetric,"""2""",1.0,"""10.0.16.97""","""diego_cell-partition-f99bec444d276db0e93a""",55463936.0,"""rep"""
1449545700488797363,"""c784515d-c03b-4921-8ab9-683fcfd01d95""",0.0548380738448,"""cf""",164626432.0,ContainerMetric,"""2""",2.0,"""10.0.16.97""","""diego_cell-partition-f99bec444d276db0e93a""",22335488.0,"""rep"""
1449545705085855179,"""b1138b50-eff3-4aca-abfd-f96ff1acf6f1""",2.96118662707,"""cf""",96268288.0,ContainerMetric,"""3""",2.0,"""10.0.16.98""","""diego_cell-partition-f99bec444d276db0e93a""",55713792.0,"""rep"""
1449545705085891430,"""b1138b50-eff3-4aca-abfd-f96ff1acf6f1""",3.02171523109,"""cf""",96269312.0,ContainerMetric,"""3""",5.0,"""10.0.16.98""","""diego_cell-partition-f99bec444d276db0e93a""",54161408.0,"""rep"""
1449545705085919022,"""c784515d-c03b-4921-8ab9-683fcfd01d95""",12.8206846929,"""cf""",164634624.0,ContainerMetric,"""3""",1.0,"""10.0.16.98""","""diego_cell-partition-f99bec444d276db0e93a""",68837376.0,"""rep"""
1449545709907429275,"""41f37085-eecc-4057-8cf9-726b1bcc25f5""",0.0148006289872,"""cf""",167546880.0,ContainerMetric,"""0""",0.0,"""10.0.16.23""","""diego_cell-partition-f99bec444d276db0e93a""",73474048.0,"""rep"""
1449545709907462664,"""3a9c9c53-0491-4ccb-9dde-3b4893c53a0e""",0.677114430931,"""cf""",328568832.0,ContainerMetric,"""0""",0.0,"""10.0.16.23""","""diego_cell-partition-f99bec444d276db0e93a""",130871296.0,"""rep"""
1449545709907484193,"""d4631e76-29dd-45a3-90e6-7f7c3303832d""",0.0302551031908,"""cf""",167567360.0,ContainerMetric,"""0""",0.0,"""10.0.16.23""","""diego_cell-partition-f99bec444d276db0e93a""",85958656.0,"""rep"""
1449545709907502437,"""441c17c1-539c-429a-bf6e-6307bf05a70b""",0.0715565766047,"""cf""",163110912.0,ContainerMetric,"""0""",0.0,"""10.0.16.23""","""diego_cell-partition-f99bec444d276db0e93a""",301776896.0,"""rep"""
1449545709907524364,"""784c0af0-9c20-4d27-90ca-9b467b009a32""",0.189169273002,"""cf""",72654848.0,ContainerMetric,"""0""",2.0,"""10.0.16.23""","""diego_cell-partition-f99bec444d276db0e93a""",11284480.0,"""rep"""
1449545709907540236,"""c784515d-c03b-4921-8ab9-683fcfd01d95""",28.2126480929,"""cf""",164630528.0,ContainerMetric,"""0""",0.0,"""10.0.16.23""","""diego_cell-partition-f99bec444d276db0e93a""",147619840.0,"""rep"""
1449545709907559042,"""784c0af0-9c20-4d27-90ca-9b467b009a32""",0.190123957223,"""cf""",72654848.0,ContainerMetric,"""0""",1.0,"""10.0.16.23""","""diego_cell-partition-f99bec444d276db0e93a""",11399168.0,"""rep"""
1449545709907575277,"""de712236-f466-4852-bcee-d06fb7e2a7a5""",0.029324514092,"""cf""",71294976.0,ContainerMetric,"""0""",0.0,"""10.0.16.23""","""diego_cell-partition-f99bec444d276db0e93a""",11448320.0,"""rep"""
1449545709907591401,"""24103d4e-df8d-4b44-b1e2-86a92a8aff74""",0.0214759246461,"""cf""",36556800.0,ContainerMetric,"""0""",1.0,"""10.0.16.23""","""diego_cell-partition-f99bec444d276db0e93a""",5320704.0,"""rep"""
1449545709907609065,"""b1138b50-eff3-4aca-abfd-f96ff1acf6f1""",3.21144305176,"""cf""",99388416.0,ContainerMetric,"""0""",0.0,"""10.0.16.23""","""diego_cell-partition-f99bec444d276db0e93a""",60583936.0,"""rep"""
1449545709907626685,"""39778aca-7b64-4983-be6c-f8cb01b387e9""",0.0700158121988,"""cf""",205180928.0,ContainerMetric,"""0""",0.0,"""10.0.16.23""","""diego_cell-partition-f99bec444d276db0e93a""",661499904.0,"""rep"""
1449545709907643387,"""6316a187-0935-4687-82e2-99f44a372a68""",0.00276538533742,"""cf""",35680256.0,ContainerMetric,"""0""",1.0,"""10.0.16.23""","""diego_cell-partition-f99bec444d276db0e93a""",4751360.0,"""rep"""
1449545709907659803,"""b1aca68a-19a7-4b4d-aeb1-accf3cff5dca""",0.0751102338068,"""cf""",163110912.0,ContainerMetric,"""0""",0.0,"""10.0.16.23""","""diego_cell-partition-f99bec444d276db0e93a""",306200576.0,"""rep"""
1449545709907675212,"""2e5c017e-ede6-4c06-8f86-65b814ef9ca9""",0.0228193043957,"""cf""",167546880.0,ContainerMetric,"""0""",0.0,"""10.0.16.23""","""diego_cell-partition-f99bec444d276db0e93a""",77975552.0,"""rep"""
1449545709907693371,"""1c641084-10fa-457c-8712-90e49f13c8c1""",0.022992383914,"""cf""",54001664.0,ContainerMetric,"""0""",0.0,"""10.0.16.23""","""diego_cell-partition-f99bec444d276db0e93a""",7467008.0,"""rep"""
1449545709907710218,"""784c0af0-9c20-4d27-90ca-9b467b009a32""",0.282956386952,"""cf""",72654848.0,ContainerMetric,"""0""",0.0,"""10.0.16.23""","""diego_cell-partition-f99bec444d276db0e93a""",13152256.0,"""rep"""
1449545727748851694,"""d6e07725-28c7-4b29-8ee1-cdbff850f494""",0.05823171888,"""cf""",200724480.0,ContainerMetric,"""1""",0.0,"""10.0.16.24""","""diego_cell-partition-f99bec444d276db0e93a""",383549440.0,"""rep"""
1449545727748895196,"""0851aa07-12af-44bf-ba6d-60c91eff4e1b""",0.0203510503903,"""cf""",102297600.0,ContainerMetric,"""1""",0.0,"""10.0.16.24""","""diego_cell-partition-f99bec444d276db0e93a""",105340928.0,"""rep"""
1449545727748914171,"""24103d4e-df8d-4b44-b1e2-86a92a8aff74""",0.0258076820265,"""cf""",36556800.0,ContainerMetric,"""1""",0.0,"""10.0.16.24""","""diego_cell-partition-f99bec444d276db0e93a""",5238784.0,"""rep"""
1449545727748930045,"""247682bf-fc34-4708-8453-6636dcb85079""",0.0188177579183,"""cf""",47775744.0,ContainerMetric,"""1""",0.0,"""10.0.16.24""","""diego_cell-partition-f99bec444d276db0e93a""",5398528.0,"""rep"""
1449545727748943020,"""6316a187-0935-4687-82e2-99f44a372a68""",0.00550685422839,"""cf""",35680256.0,ContainerMetric,"""1""",0.0,"""10.0.16.24""","""diego_cell-partition-f99bec444d276db0e93a""",2654208.0,"""rep"""
1449545727748955978,"""b1138b50-eff3-4aca-abfd-f96ff1acf6f1""",3.10510899908,"""cf""",96866304.0,ContainerMetric,"""1""",3.0,"""10.0.16.24""","""diego_cell-partition-f99bec444d276db0e93a""",56467456.0,"""rep"""
1449545727748969007,"""c784515d-c03b-4921-8ab9-683fcfd01d95""",5.31418149053,"""cf""",164634624.0,ContainerMetric,"""1""",3.0,"""10.0.16.24""","""diego_cell-partition-f99bec444d276db0e93a""",48697344.0,"""rep"""
1449545730490455604,"""b1138b50-eff3-4aca-abfd-f96ff1acf6f1""",2.93459317866,"""cf""",96936960.0,ContainerMetric,"""2""",4.0,"""10.0.16.97""","""diego_cell-partition-f99bec444d276db0e93a""",54423552.0,"""rep"""
1449545730490506832,"""b1138b50-eff3-4aca-abfd-f96ff1acf6f1""",2.87949831317,"""cf""",96936960.0,ContainerMetric,"""2""",1.0,"""10.0.16.97""","""diego_cell-partition-f99bec444d276db0e93a""",56254464.0,"""rep"""
1449545730490534064,"""c784515d-c03b-4921-8ab9-683fcfd01d95""",0.0403596438537,"""cf""",164626432.0,ContainerMetric,"""2""",2.0,"""10.0.16.97""","""diego_cell-partition-f99bec444d276db0e93a""",22339584.0,"""rep"""
1449545735086133053,"""b1138b50-eff3-4aca-abfd-f96ff1acf6f1""",3.19850011166,"""cf""",97067008.0,ContainerMetric,"""3""",2.0,"""10.0.16.98""","""diego_cell-partition-f99bec444d276db0e93a""",56508416.0,"""rep"""
1449545735086171023,"""b1138b50-eff3-4aca-abfd-f96ff1acf6f1""",3.2608369874,"""cf""",97067008.0,ContainerMetric,"""3""",5.0,"""10.0.16.98""","""diego_cell-partition-f99bec444d276db0e93a""",54951936.0,"""rep"""
1449545735086191056,"""c784515d-c03b-4921-8ab9-683fcfd01d95""",12.6022364999,"""cf""",164634624.0,ContainerMetric,"""3""",1.0,"""10.0.16.98""","""diego_cell-partition-f99bec444d276db0e93a""",71012352.0,"""rep"""
1449545739906637483,"""1c641084-10fa-457c-8712-90e49f13c8c1""",0.0267273520692,"""cf""",54001664.0,ContainerMetric,"""0""",0.0,"""10.0.16.23""","""diego_cell-partition-f99bec444d276db0e93a""",7467008.0,"""rep"""
1449545739906665377,"""784c0af0-9c20-4d27-90ca-9b467b009a32""",0.194031497649,"""cf""",72654848.0,ContainerMetric,"""0""",2.0,"""10.0.16.23""","""diego_cell-partition-f99bec444d276db0e93a""",11284480.0,"""rep"""
1449545739906681096,"""b1aca68a-19a7-4b4d-aeb1-accf3cff5dca""",0.0695244882607,"""cf""",163110912.0,ContainerMetric,"""0""",0.0,"""10.0.16.23""","""diego_cell-partition-f99bec444d276db0e93a""",306200576.0,"""rep"""
1449545739906697286,"""6316a187-0935-4687-82e2-99f44a372a68""",0.00600439847129,"""cf""",35680256.0,ContainerMetric,"""0""",1.0,"""10.0.16.23""","""diego_cell-partition-f99bec444d276db0e93a""",4751360.0,"""rep"""
1449545739906715239,"""24103d4e-df8d-4b44-b1e2-86a92a8aff74""",0.0217019561029,"""cf""",36556800.0,ContainerMetric,"""0""",1.0,"""10.0.16.23""","""diego_cell-partition-f99bec444d276db0e93a""",5320704.0,"""rep"""
1449545739906725751,"""784c0af0-9c20-4d27-90ca-9b467b009a32""",0.264141551365,"""cf""",72654848.0,ContainerMetric,"""0""",0.0,"""10.0.16.23""","""diego_cell-partition-f99bec444d276db0e93a""",13152256.0,"""rep"""
1449545739906733592,"""c784515d-c03b-4921-8ab9-683fcfd01d95""",29.1994393705,"""cf""",164630528.0,ContainerMetric,"""0""",0.0,"""10.0.16.23""","""diego_cell-partition-f99bec444d276db0e93a""",152932352.0,"""rep"""
1449545739906741984,"""39778aca-7b64-4983-be6c-f8cb01b387e9""",0.0708805907184,"""cf""",205180928.0,ContainerMetric,"""0""",0.0,"""10.0.16.23""","""diego_cell-partition-f99bec444d276db0e93a""",661499904.0,"""rep"""
1449545739906755813,"""441c17c1-539c-429a-bf6e-6307bf05a70b""",0.0674447267039,"""cf""",163110912.0,ContainerMetric,"""0""",0.0,"""10.0.16.23""","""diego_cell-partition-f99bec444d276db0e93a""",301776896.0,"""rep"""
1449545739906781810,"""d4631e76-29dd-45a3-90e6-7f7c3303832d""",0.0310091117423,"""cf""",167567360.0,ContainerMetric,"""0""",0.0,"""10.0.16.23""","""diego_cell-partition-f99bec444d276db0e93a""",85958656.0,"""rep"""
1449545739906796251,"""784c0af0-9c20-4d27-90ca-9b467b009a32""",0.205070135654,"""cf""",72654848.0,ContainerMetric,"""0""",1.0,"""10.0.16.23""","""diego_cell-partition-f99bec444d276db0e93a""",11366400.0,"""rep"""
1449545739906809999,"""3a9c9c53-0491-4ccb-9dde-3b4893c53a0e""",0.91673969175,"""cf""",328568832.0,ContainerMetric,"""0""",0.0,"""10.0.16.23""","""diego_cell-partition-f99bec444d276db0e93a""",130871296.0,"""rep"""
1449545739906825410,"""de712236-f466-4852-bcee-d06fb7e2a7a5""",0.0348606233935,"""cf""",71294976.0,ContainerMetric,"""0""",0.0,"""10.0.16.23""","""diego_cell-partition-f99bec444d276db0e93a""",11448320.0,"""rep"""
1449545739906841310,"""b1138b50-eff3-4aca-abfd-f96ff1acf6f1""",3.14734058296,"""cf""",100160512.0,ContainerMetric,"""0""",0.0,"""10.0.16.23""","""diego_cell-partition-f99bec444d276db0e93a""",61349888.0,"""rep"""
1449545739906865238,"""2e5c017e-ede6-4c06-8f86-65b814ef9ca9""",0.0221025400087,"""cf""",167546880.0,ContainerMetric,"""0""",0.0,"""10.0.16.23""","""diego_cell-partition-f99bec444d276db0e93a""",77975552.0,"""rep"""
1449545739906882864,"""41f37085-eecc-4057-8cf9-726b1bcc25f5""",0.0139035536167,"""cf""",167546880.0,ContainerMetric,"""0""",0.0,"""10.0.16.23""","""diego_cell-partition-f99bec444d276db0e93a""",73474048.0,"""rep"""
1449545757747588092,"""24103d4e-df8d-4b44-b1e2-86a92a8aff74""",0.0221223551107,"""cf""",36556800.0,ContainerMetric,"""1""",0.0,"""10.0.16.24""","""diego_cell-partition-f99bec444d276db0e93a""",5238784.0,"""rep"""
1449545757747629725,"""247682bf-fc34-4708-8453-6636dcb85079""",0.0213306684321,"""cf""",47775744.0,ContainerMetric,"""1""",0.0,"""10.0.16.24""","""diego_cell-partition-f99bec444d276db0e93a""",5398528.0,"""rep"""
1449545757747650323,"""6316a187-0935-4687-82e2-99f44a372a68""",0.00332173990925,"""cf""",35680256.0,ContainerMetric,"""1""",0.0,"""10.0.16.24""","""diego_cell-partition-f99bec444d276db0e93a""",2654208.0,"""rep"""
1449545757747668012,"""b1138b50-eff3-4aca-abfd-f96ff1acf6f1""",2.07661595887,"""cf""",97418240.0,ContainerMetric,"""1""",3.0,"""10.0.16.24""","""diego_cell-partition-f99bec444d276db0e93a""",57020416.0,"""rep"""
1449545757747682177,"""d6e07725-28c7-4b29-8ee1-cdbff850f494""",0.063629993382,"""cf""",200724480.0,ContainerMetric,"""1""",0.0,"""10.0.16.24""","""diego_cell-partition-f99bec444d276db0e93a""",383549440.0,"""rep"""
1449545757747694896,"""0851aa07-12af-44bf-ba6d-60c91eff4e1b""",0.0202377057307,"""cf""",102297600.0,ContainerMetric,"""1""",0.0,"""10.0.16.24""","""diego_cell-partition-f99bec444d276db0e93a""",105340928.0,"""rep"""
1449545760486249925,"""b1138b50-eff3-4aca-abfd-f96ff1acf6f1""",1.88979128001,"""cf""",97454080.0,ContainerMetric,"""2""",4.0,"""10.0.16.97""","""diego_cell-partition-f99bec444d276db0e93a""",54935552.0,"""rep"""
1449545760486291154,"""b1138b50-eff3-4aca-abfd-f96ff1acf6f1""",1.88791655724,"""cf""",97454080.0,ContainerMetric,"""2""",1.0,"""10.0.16.97""","""diego_cell-partition-f99bec444d276db0e93a""",56770560.0,"""rep"""
1449545765080791613,"""b1138b50-eff3-4aca-abfd-f96ff1acf6f1""",1.6942641406,"""cf""",97496064.0,ContainerMetric,"""3""",2.0,"""10.0.16.98""","""diego_cell-partition-f99bec444d276db0e93a""",56934400.0,"""rep"""
1449545765080826141,"""b1138b50-eff3-4aca-abfd-f96ff1acf6f1""",1.7029728341,"""cf""",97496064.0,ContainerMetric,"""3""",5.0,"""10.0.16.98""","""diego_cell-partition-f99bec444d276db0e93a""",55365632.0,"""rep"""
